kind,split,size(Byte),time(s),speed(GB/s)
PCIe-HostToDevice-Split,1,100000,0.000011,8.878
PCIe-HostToDevice-Split,1,200000,0.000012,16.276
PCIe-HostToDevice-Split,1,300000,0.000019,15.419
PCIe-HostToDevice-Split,1,400000,0.000020,19.531
PCIe-HostToDevice-Split,1,500000,0.000028,18.084
PCIe-HostToDevice-Split,1,600000,0.000028,21.701
PCIe-HostToDevice-Split,1,700000,0.000032,22.051
PCIe-HostToDevice-Split,1,800000,0.000038,21.115
PCIe-HostToDevice-Split,1,900000,0.000045,19.975
PCIe-HostToDevice-Split,1,1000000,0.000045,22.195
PCIe-HostToDevice-Split,1,1100000,0.000052,21.063
PCIe-HostToDevice-Split,1,1200000,0.000053,22.536
PCIe-HostToDevice-Split,1,1300000,0.000061,21.159
PCIe-HostToDevice-Split,1,1400000,0.000061,22.786
PCIe-HostToDevice-Split,1,1500000,0.000065,23.251
PCIe-HostToDevice-Split,1,1600000,0.000070,22.978
PCIe-HostToDevice-Split,1,1700000,0.000072,23.717
PCIe-HostToDevice-Split,1,1800000,0.000078,23.129
PCIe-HostToDevice-Split,1,1900000,0.000080,23.788
PCIe-HostToDevice-Split,1,2000000,0.000086,23.251
PCIe-HostToDevice-Split,1,2100000,0.000087,24.127
PCIe-HostToDevice-Split,1,2200000,0.000094,23.353
PCIe-HostToDevice-Split,1,2300000,0.000095,24.152
PCIe-HostToDevice-Split,1,2400000,0.000102,23.438
PCIe-HostToDevice-Split,1,2500000,0.000103,24.172
PCIe-HostToDevice-Split,1,2600000,0.000111,23.510
PCIe-HostToDevice-Split,1,2700000,0.000112,24.190
PCIe-HostToDevice-Split,1,2800000,0.000119,23.572
PCIe-HostToDevice-Split,1,2900000,0.000119,24.414
PCIe-HostToDevice-Split,1,3000000,0.000127,23.627
PCIe-HostToDevice-Split,1,3100000,0.000127,24.414
PCIe-HostToDevice-Split,1,3200000,0.000129,24.802
PCIe-HostToDevice-Split,1,3300000,0.000135,24.414
PCIe-HostToDevice-Split,1,3400000,0.000137,24.778
PCIe-HostToDevice-Split,1,3500000,0.000143,24.414
PCIe-HostToDevice-Split,1,3600000,0.000144,24.934
PCIe-HostToDevice-Split,1,3700000,0.000152,24.414
PCIe-HostToDevice-Split,1,3800000,0.000152,25.074
PCIe-HostToDevice-Split,1,3900000,0.000160,24.414
PCIe-HostToDevice-Split,1,4000000,0.000161,24.881
PCIe-HostToDevice-Split,1,4100000,0.000168,24.414
PCIe-HostToDevice-Split,1,4200000,0.000169,24.858
PCIe-HostToDevice-Split,1,4300000,0.000176,24.414
PCIe-HostToDevice-Split,1,4400000,0.000176,24.982
PCIe-HostToDevice-Split,1,4500000,0.000178,25.256
PCIe-HostToDevice-Split,1,4600000,0.000184,24.957
PCIe-HostToDevice-Split,1,4700000,0.000186,25.219
PCIe-HostToDevice-Split,1,4800000,0.000193,24.934
PCIe-HostToDevice-Split,1,4900000,0.000194,25.318
PCIe-HostToDevice-Split,1,5000000,0.000201,24.912
PCIe-HostToDevice-Split,1,5100000,0.000202,25.282
PCIe-HostToDevice-Split,1,5200000,0.000209,24.893
PCIe-HostToDevice-Split,1,5300000,0.000210,25.248
PCIe-HostToDevice-Split,1,5400000,0.000217,24.875
PCIe-HostToDevice-Split,1,5500000,0.000217,25.335
PCIe-HostToDevice-Split,1,5600000,0.000225,24.858
PCIe-HostToDevice-Split,1,5700000,0.000225,25.302
PCIe-HostToDevice-Split,1,5800000,0.000233,24.842
PCIe-HostToDevice-Split,1,5900000,0.000233,25.271
PCIe-HostToDevice-Split,1,6000000,0.000236,25.476
PCIe-HostToDevice-Split,1,6100000,0.000242,25.242
PCIe-HostToDevice-Split,1,6200000,0.000243,25.547
PCIe-HostToDevice-Split,1,6300000,0.000250,25.215
PCIe-HostToDevice-Split,1,6400000,0.000250,25.615
PCIe-HostToDevice-Split,1,6500000,0.000258,25.189
PCIe-HostToDevice-Split,1,6600000,0.000258,25.577
PCIe-HostToDevice-Split,1,6700000,0.000266,25.165
PCIe-HostToDevice-Split,1,6800000,0.000266,25.541
PCIe-HostToDevice-Split,1,6900000,0.000274,25.143
PCIe-HostToDevice-Split,1,7000000,0.000274,25.507
PCIe-HostToDevice-Split,1,7100000,0.000279,25.491
PCIe-HostToDevice-Split,1,7200000,0.000283,25.476
PCIe-HostToDevice-Split,1,7300000,0.000286,25.552
PCIe-HostToDevice-Split,1,7400000,0.000291,25.446
PCIe-HostToDevice-Split,1,7500000,0.000292,25.699
PCIe-HostToDevice-Split,1,7600000,0.000299,25.417
PCIe-HostToDevice-Split,1,7700000,0.000300,25.664
PCIe-HostToDevice-Split,1,7800000,0.000308,25.306
PCIe-HostToDevice-Split,1,7900000,0.000307,25.716
PCIe-HostToDevice-Split,1,8000000,0.000315,25.365
PCIe-DeviceToHost-Split,1,100000,0.000012,8.138
PCIe-DeviceToHost-Split,1,200000,0.000012,16.276
PCIe-DeviceToHost-Split,1,300000,0.000019,15.419
PCIe-DeviceToHost-Split,1,400000,0.000019,20.559
PCIe-DeviceToHost-Split,1,500000,0.000028,18.084
PCIe-DeviceToHost-Split,1,600000,0.000028,21.701
PCIe-DeviceToHost-Split,1,700000,0.000036,19.531
PCIe-DeviceToHost-Split,1,800000,0.000037,21.701
PCIe-DeviceToHost-Split,1,900000,0.000045,19.975
PCIe-DeviceToHost-Split,1,1000000,0.000045,22.195
PCIe-DeviceToHost-Split,1,1100000,0.000046,23.872
PCIe-DeviceToHost-Split,1,1200000,0.000053,22.536
PCIe-DeviceToHost-Split,1,1300000,0.000053,24.414
PCIe-DeviceToHost-Split,1,1400000,0.000061,22.786
PCIe-DeviceToHost-Split,1,1500000,0.000061,24.414
PCIe-DeviceToHost-Split,1,1600000,0.000070,22.978
PCIe-DeviceToHost-Split,1,1700000,0.000070,24.414
PCIe-DeviceToHost-Split,1,1800000,0.000078,23.129
PCIe-DeviceToHost-Split,1,1900000,0.000078,24.414
PCIe-DeviceToHost-Split,1,2000000,0.000086,23.251
PCIe-DeviceToHost-Split,1,2100000,0.000086,24.414
PCIe-DeviceToHost-Split,1,2200000,0.000089,24.695
PCIe-DeviceToHost-Split,1,2300000,0.000094,24.414
PCIe-DeviceToHost-Split,1,2400000,0.000095,25.202
PCIe-DeviceToHost-Split,1,2500000,0.000102,24.414
PCIe-DeviceToHost-Split,1,2600000,0.000103,25.139
PCIe-DeviceToHost-Split,1,2700000,0.000111,24.414
PCIe-DeviceToHost-Split,1,2800000,0.000111,25.318
PCIe-DeviceToHost-Split,1,2900000,0.000119,24.414
PCIe-DeviceToHost-Split,1,3000000,0.000119,25.256
PCIe-DeviceToHost-Split,1,3100000,0.000127,24.414
PCIe-DeviceToHost-Split,1,3200000,0.000127,25.202
PCIe-DeviceToHost-Split,1,3300000,0.000135,24.414
PCIe-DeviceToHost-Split,1,3400000,0.000135,25.154
PCIe-DeviceToHost-Split,1,3500000,0.000143,24.414
PCIe-DeviceToHost-Split,1,3600000,0.000143,25.112
PCIe-DeviceToHost-Split,1,3700000,0.000145,25.446
PCIe-DeviceToHost-Split,1,3800000,0.000152,25.074
PCIe-DeviceToHost-Split,1,3900000,0.000153,25.561
PCIe-DeviceToHost-Split,1,4000000,0.000160,25.040
PCIe-DeviceToHost-Split,1,4100000,0.000160,25.666
PCIe-DeviceToHost-Split,1,4200000,0.000168,25.010
PCIe-DeviceToHost-Split,1,4300000,0.000168,25.605
PCIe-DeviceToHost-Split,1,4400000,0.000176,24.982
PCIe-DeviceToHost-Split,1,4500000,0.000176,25.550
PCIe-DeviceToHost-Split,1,4600000,0.000179,25.670
PCIe-DeviceToHost-Split,1,4700000,0.000184,25.499
PCIe-DeviceToHost-Split,1,4800000,0.000193,24.934
PCIe-DeviceToHost-Split,1,4900000,0.000193,25.453
PCIe-DeviceToHost-Split,1,5000000,0.000195,25.699
PCIe-DeviceToHost-Split,1,5100000,0.000201,25.411
PCIe-DeviceToHost-Split,1,5200000,0.000202,25.777
PCIe-DeviceToHost-Split,1,5300000,0.000209,25.371
PCIe-DeviceToHost-Split,1,5400000,0.000209,25.850
PCIe-DeviceToHost-Split,1,5500000,0.000217,25.335
PCIe-DeviceToHost-Split,1,5600000,0.000217,25.796
PCIe-DeviceToHost-Split,1,5700000,0.000225,25.302
PCIe-DeviceToHost-Split,1,5800000,0.000225,25.746
PCIe-DeviceToHost-Split,1,5900000,0.000228,25.837
PCIe-DeviceToHost-Split,1,6000000,0.000233,25.699
PCIe-DeviceToHost-Split,1,6100000,0.000242,25.242
PCIe-DeviceToHost-Split,1,6200000,0.000241,25.765
PCIe-DeviceToHost-Split,1,6300000,0.000244,25.850
PCIe-DeviceToHost-Split,1,6400000,0.000250,25.615
PCIe-DeviceToHost-Split,1,6500000,0.000251,25.909
PCIe-DeviceToHost-Split,1,6600000,0.000258,25.577
PCIe-DeviceToHost-Split,1,6700000,0.000258,25.964
PCIe-DeviceToHost-Split,1,6800000,0.000262,25.940
PCIe-DeviceToHost-Split,1,6900000,0.000266,25.916
PCIe-DeviceToHost-Split,1,7000000,0.000274,25.507
PCIe-DeviceToHost-Split,1,7100000,0.000274,25.872
PCIe-DeviceToHost-Split,1,7200000,0.000279,25.850
PCIe-DeviceToHost-Split,1,7300000,0.000283,25.829
PCIe-DeviceToHost-Split,1,7400000,0.000285,25.995
PCIe-DeviceToHost-Split,1,7500000,0.000291,25.790
PCIe-DeviceToHost-Split,1,7600000,0.000293,25.951
PCIe-DeviceToHost-Split,1,7700000,0.000299,25.752
PCIe-DeviceToHost-Split,1,7800000,0.000300,25.997
PCIe-DeviceToHost-Split,1,7900000,0.000307,25.716
PCIe-DeviceToHost-Split,1,8000000,0.000307,26.042
PCIe-HostToDevice-Split,2,100000,0.000014,6.975
PCIe-HostToDevice-Split,2,200000,0.000015,13.021
PCIe-HostToDevice-Split,2,300000,0.000024,12.738
PCIe-HostToDevice-Split,2,400000,0.000024,16.984
PCIe-HostToDevice-Split,2,500000,0.000032,15.751
PCIe-HostToDevice-Split,2,600000,0.000032,18.901
PCIe-HostToDevice-Split,2,700000,0.000039,17.989
PCIe-HostToDevice-Split,2,800000,0.000040,20.032
PCIe-HostToDevice-Split,2,900000,0.000047,19.107
PCIe-HostToDevice-Split,2,1000000,0.000048,20.778
PCIe-HostToDevice-Split,2,1100000,0.000056,19.531
PCIe-HostToDevice-Split,2,1200000,0.000056,21.307
PCIe-HostToDevice-Split,2,1300000,0.000061,21.159
PCIe-HostToDevice-Split,2,1400000,0.000061,22.786
PCIe-HostToDevice-Split,2,1500000,0.000073,20.632
PCIe-HostToDevice-Split,2,1600000,0.000072,22.321
PCIe-HostToDevice-Split,2,1700000,0.000074,23.058
PCIe-HostToDevice-Split,2,1800000,0.000080,22.536
PCIe-HostToDevice-Split,2,1900000,0.000081,23.487
PCIe-HostToDevice-Split,2,2000000,0.000088,22.711
PCIe-HostToDevice-Split,2,2100000,0.000089,23.572
PCIe-HostToDevice-Split,2,2200000,0.000097,22.615
PCIe-HostToDevice-Split,2,2300000,0.000096,23.895
PCIe-HostToDevice-Split,2,2400000,0.000102,23.438
PCIe-HostToDevice-Split,2,2500000,0.000104,23.935
PCIe-HostToDevice-Split,2,2600000,0.000110,23.730
PCIe-HostToDevice-Split,2,2700000,0.000114,23.754
PCIe-HostToDevice-Split,2,2800000,0.000117,23.986
PCIe-HostToDevice-Split,2,2900000,0.000122,23.799
PCIe-HostToDevice-Split,2,3000000,0.000123,24.414
PCIe-HostToDevice-Split,2,3100000,0.000129,24.027
PCIe-HostToDevice-Split,2,3200000,0.000130,24.606
PCIe-HostToDevice-Split,2,3300000,0.000138,23.872
PCIe-HostToDevice-Split,2,3400000,0.000138,24.595
PCIe-HostToDevice-Split,2,3500000,0.000145,24.070
PCIe-HostToDevice-Split,2,3600000,0.000145,24.758
PCIe-HostToDevice-Split,2,3700000,0.000154,24.089
PCIe-HostToDevice-Split,2,3800000,0.000155,24.576
PCIe-HostToDevice-Split,2,3900000,0.000162,24.105
PCIe-HostToDevice-Split,2,4000000,0.000162,24.723
PCIe-HostToDevice-Split,2,4100000,0.000164,25.024
PCIe-HostToDevice-Split,2,4200000,0.000170,24.708
PCIe-HostToDevice-Split,2,4300000,0.000178,24.133
PCIe-HostToDevice-Split,2,4400000,0.000178,24.695
PCIe-HostToDevice-Split,2,4500000,0.000180,24.969
PCIe-HostToDevice-Split,2,4600000,0.000185,24.819
PCIe-HostToDevice-Split,2,4700000,0.000187,25.081
PCIe-HostToDevice-Split,2,4800000,0.000195,24.671
PCIe-HostToDevice-Split,2,4900000,0.000196,25.053
PCIe-HostToDevice-Split,2,5000000,0.000203,24.661
PCIe-HostToDevice-Split,2,5100000,0.000203,25.154
PCIe-HostToDevice-Split,2,5200000,0.000211,24.651
PCIe-HostToDevice-Split,2,5300000,0.000211,25.125
PCIe-HostToDevice-Split,2,5400000,0.000213,25.353
PCIe-HostToDevice-Split,2,5500000,0.000218,25.216
PCIe-HostToDevice-Split,2,5600000,0.000221,25.318
PCIe-HostToDevice-Split,2,5700000,0.000227,25.074
PCIe-HostToDevice-Split,2,5800000,0.000228,25.399
PCIe-HostToDevice-Split,2,5900000,0.000234,25.160
PCIe-HostToDevice-Split,2,6000000,0.000237,25.365
PCIe-HostToDevice-Split,2,6100000,0.000244,25.030
PCIe-HostToDevice-Split,2,6200000,0.000245,25.333
PCIe-HostToDevice-Split,2,6300000,0.000252,25.010
PCIe-HostToDevice-Split,2,6400000,0.000252,25.407
PCIe-HostToDevice-Split,2,6500000,0.000260,24.991
PCIe-HostToDevice-Split,2,6600000,0.000260,25.375
PCIe-HostToDevice-Split,2,6700000,0.000267,25.069
PCIe-HostToDevice-Split,2,6800000,0.000268,25.346
PCIe-HostToDevice-Split,2,6900000,0.000276,24.957
PCIe-HostToDevice-Split,2,7000000,0.000276,25.318
PCIe-HostToDevice-Split,2,7100000,0.000285,24.941
PCIe-HostToDevice-Split,2,7200000,0.000285,25.292
PCIe-HostToDevice-Split,2,7300000,0.000286,25.552
PCIe-HostToDevice-Split,2,7400000,0.000293,25.268
PCIe-HostToDevice-Split,2,7500000,0.000294,25.520
PCIe-HostToDevice-Split,2,7600000,0.000301,25.244
PCIe-HostToDevice-Split,2,7700000,0.000301,25.577
PCIe-HostToDevice-Split,2,7800000,0.000305,25.561
PCIe-HostToDevice-Split,2,7900000,0.000309,25.546
PCIe-HostToDevice-Split,2,8000000,0.000317,25.202
PCIe-DeviceToHost-Split,2,100000,0.000013,7.512
PCIe-DeviceToHost-Split,2,200000,0.000014,13.951
PCIe-DeviceToHost-Split,2,300000,0.000022,13.951
PCIe-DeviceToHost-Split,2,400000,0.000022,18.601
PCIe-DeviceToHost-Split,2,500000,0.000030,16.837
PCIe-DeviceToHost-Split,2,600000,0.000030,20.205
PCIe-DeviceToHost-Split,2,700000,0.000038,18.476
PCIe-DeviceToHost-Split,2,800000,0.000038,21.115
PCIe-DeviceToHost-Split,2,900000,0.000041,21.973
PCIe-DeviceToHost-Split,2,1000000,0.000046,21.701
PCIe-DeviceToHost-Split,2,1100000,0.000051,21.484
PCIe-DeviceToHost-Split,2,1200000,0.000054,22.111
PCIe-DeviceToHost-Split,2,1300000,0.000057,22.670
PCIe-DeviceToHost-Split,2,1400000,0.000062,22.413
PCIe-DeviceToHost-Split,2,1500000,0.000063,23.627
PCIe-DeviceToHost-Split,2,1600000,0.000071,22.645
PCIe-DeviceToHost-Split,2,1700000,0.000071,24.060
PCIe-DeviceToHost-Split,2,1800000,0.000079,22.829
PCIe-DeviceToHost-Split,2,1900000,0.000079,24.097
PCIe-DeviceToHost-Split,2,2000000,0.000087,22.978
PCIe-DeviceToHost-Split,2,2100000,0.000087,24.127
PCIe-DeviceToHost-Split,2,2200000,0.000091,24.140
PCIe-DeviceToHost-Split,2,2300000,0.000095,24.152
PCIe-DeviceToHost-Split,2,2400000,0.000100,23.916
PCIe-DeviceToHost-Split,2,2500000,0.000103,24.172
PCIe-DeviceToHost-Split,2,2600000,0.000112,23.294
PCIe-DeviceToHost-Split,2,2700000,0.000112,24.190
PCIe-DeviceToHost-Split,2,2800000,0.000113,24.858
PCIe-DeviceToHost-Split,2,2900000,0.000120,24.205
PCIe-DeviceToHost-Split,2,3000000,0.000121,24.828
PCIe-DeviceToHost-Split,2,3100000,0.000128,24.219
PCIe-DeviceToHost-Split,2,3200000,0.000128,25.000
PCIe-DeviceToHost-Split,2,3300000,0.000136,24.230
PCIe-DeviceToHost-Split,2,3400000,0.000136,24.965
PCIe-DeviceToHost-Split,2,3500000,0.000144,24.241
PCIe-DeviceToHost-Split,2,3600000,0.000144,24.934
PCIe-DeviceToHost-Split,2,3700000,0.000148,24.919
PCIe-DeviceToHost-Split,2,3800000,0.000153,24.906
PCIe-DeviceToHost-Split,2,3900000,0.000156,25.057
PCIe-DeviceToHost-Split,2,4000000,0.000161,24.881
PCIe-DeviceToHost-Split,2,4100000,0.000162,25.341
PCIe-DeviceToHost-Split,2,4200000,0.000169,24.858
PCIe-DeviceToHost-Split,2,4300000,0.000170,25.296
PCIe-DeviceToHost-Split,2,4400000,0.000177,24.837
PCIe-DeviceToHost-Split,2,4500000,0.000177,25.402
PCIe-DeviceToHost-Split,2,4600000,0.000185,24.819
PCIe-DeviceToHost-Split,2,4700000,0.000185,25.358
PCIe-DeviceToHost-Split,2,4800000,0.000194,24.802
PCIe-DeviceToHost-Split,2,4900000,0.000194,25.318
PCIe-DeviceToHost-Split,2,5000000,0.000202,24.786
PCIe-DeviceToHost-Split,2,5100000,0.000202,25.282
PCIe-DeviceToHost-Split,2,5200000,0.000206,25.264
PCIe-DeviceToHost-Split,2,5300000,0.000210,25.248
PCIe-DeviceToHost-Split,2,5400000,0.000218,24.758
PCIe-DeviceToHost-Split,2,5500000,0.000218,25.216
PCIe-DeviceToHost-Split,2,5600000,0.000219,25.555
PCIe-DeviceToHost-Split,2,5700000,0.000225,25.302
PCIe-DeviceToHost-Split,2,5800000,0.000226,25.629
PCIe-DeviceToHost-Split,2,5900000,0.000233,25.271
PCIe-DeviceToHost-Split,2,6000000,0.000234,25.587
PCIe-DeviceToHost-Split,2,6100000,0.000239,25.567
PCIe-DeviceToHost-Split,2,6200000,0.000243,25.547
PCIe-DeviceToHost-Split,2,6300000,0.000251,25.112
PCIe-DeviceToHost-Split,2,6400000,0.000251,25.510
PCIe-DeviceToHost-Split,2,6500000,0.000259,25.090
PCIe-DeviceToHost-Split,2,6600000,0.000259,25.476
PCIe-DeviceToHost-Split,2,6700000,0.000261,25.659
PCIe-DeviceToHost-Split,2,6800000,0.000267,25.443
PCIe-DeviceToHost-Split,2,6900000,0.000268,25.719
PCIe-DeviceToHost-Split,2,7000000,0.000275,25.412
PCIe-DeviceToHost-Split,2,7100000,0.000275,25.775
PCIe-DeviceToHost-Split,2,7200000,0.000284,25.384
PCIe-DeviceToHost-Split,2,7300000,0.000284,25.736
PCIe-DeviceToHost-Split,2,7400000,0.000292,25.356
PCIe-DeviceToHost-Split,2,7500000,0.000292,25.699
PCIe-DeviceToHost-Split,2,7600000,0.000296,25.681
PCIe-DeviceToHost-Split,2,7700000,0.000299,25.752
PCIe-DeviceToHost-Split,2,7800000,0.000303,25.734
PCIe-DeviceToHost-Split,2,7900000,0.000308,25.631
PCIe-DeviceToHost-Split,2,8000000,0.000316,25.283
PCIe-HostToDevice-Split,4,100000,0.000019,5.140
PCIe-HostToDevice-Split,4,200000,0.000023,8.878
PCIe-HostToDevice-Split,4,300000,0.000027,11.268
PCIe-HostToDevice-Split,4,400000,0.000031,13.021
PCIe-HostToDevice-Split,4,500000,0.000035,14.361
PCIe-HostToDevice-Split,4,600000,0.000039,15.419
PCIe-HostToDevice-Split,4,700000,0.000044,15.898
PCIe-HostToDevice-Split,4,800000,0.000045,17.756
PCIe-HostToDevice-Split,4,900000,0.000052,17.233
PCIe-HostToDevice-Split,4,1000000,0.000053,18.780
PCIe-HostToDevice-Split,4,1100000,0.000056,19.531
PCIe-HostToDevice-Split,4,1200000,0.000061,19.531
PCIe-HostToDevice-Split,4,1300000,0.000067,19.531
PCIe-HostToDevice-Split,4,1400000,0.000070,20.106
PCIe-HostToDevice-Split,4,1500000,0.000077,19.531
PCIe-HostToDevice-Split,4,1600000,0.000078,20.559
PCIe-HostToDevice-Split,4,1700000,0.000080,21.284
PCIe-HostToDevice-Split,4,1800000,0.000086,20.926
PCIe-HostToDevice-Split,4,1900000,0.000088,21.575
PCIe-HostToDevice-Split,4,2000000,0.000094,21.230
PCIe-HostToDevice-Split,4,2100000,0.000094,22.291
PCIe-HostToDevice-Split,4,2200000,0.000102,21.484
PCIe-HostToDevice-Split,4,2300000,0.000102,22.461
PCIe-HostToDevice-Split,4,2400000,0.000106,22.536
PCIe-HostToDevice-Split,4,2500000,0.000111,22.606
PCIe-HostToDevice-Split,4,2600000,0.000118,22.079
PCIe-HostToDevice-Split,4,2700000,0.000119,22.730
PCIe-HostToDevice-Split,4,2800000,0.000127,22.051
PCIe-HostToDevice-Split,4,2900000,0.000127,22.839
PCIe-HostToDevice-Split,4,3000000,0.000134,22.364
PCIe-HostToDevice-Split,4,3100000,0.000135,22.934
PCIe-HostToDevice-Split,4,3200000,0.000137,23.321
PCIe-HostToDevice-Split,4,3300000,0.000143,23.019
PCIe-HostToDevice-Split,4,3400000,0.000144,23.548
PCIe-HostToDevice-Split,4,3500000,0.000152,23.094
PCIe-HostToDevice-Split,4,3600000,0.000152,23.754
PCIe-HostToDevice-Split,4,3700000,0.000160,23.162
PCIe-HostToDevice-Split,4,3800000,0.000160,23.788
PCIe-HostToDevice-Split,4,3900000,0.000168,23.223
PCIe-HostToDevice-Split,4,4000000,0.000167,23.965
PCIe-HostToDevice-Split,4,4100000,0.000173,23.692
PCIe-HostToDevice-Split,4,4200000,0.000176,23.846
PCIe-HostToDevice-Split,4,4300000,0.000184,23.329
PCIe-HostToDevice-Split,4,4400000,0.000184,23.872
PCIe-HostToDevice-Split,4,4500000,0.000186,24.146
PCIe-HostToDevice-Split,4,4600000,0.000193,23.895
PCIe-HostToDevice-Split,4,4700000,0.000195,24.157
PCIe-HostToDevice-Split,4,4800000,0.000200,24.038
PCIe-HostToDevice-Split,4,4900000,0.000208,23.572
PCIe-HostToDevice-Split,4,5000000,0.000208,24.053
PCIe-HostToDevice-Split,4,5100000,0.000209,24.414
PCIe-HostToDevice-Split,4,5200000,0.000216,24.067
PCIe-HostToDevice-Split,4,5300000,0.000217,24.414
PCIe-HostToDevice-Split,4,5400000,0.000221,24.414
PCIe-HostToDevice-Split,4,5500000,0.000224,24.526
PCIe-HostToDevice-Split,4,5600000,0.000232,24.091
PCIe-HostToDevice-Split,4,5700000,0.000232,24.522
PCIe-HostToDevice-Split,4,5800000,0.000238,24.414
PCIe-HostToDevice-Split,4,5900000,0.000241,24.518
PCIe-HostToDevice-Split,4,6000000,0.000249,24.113
PCIe-HostToDevice-Split,4,6100000,0.000249,24.515
PCIe-HostToDevice-Split,4,6200000,0.000252,24.613
PCIe-HostToDevice-Split,4,6300000,0.000257,24.511
PCIe-HostToDevice-Split,4,6400000,0.000259,24.704
PCIe-HostToDevice-Split,4,6500000,0.000265,24.508
PCIe-HostToDevice-Split,4,6600000,0.000266,24.790
PCIe-HostToDevice-Split,4,6700000,0.000270,24.784
PCIe-HostToDevice-Split,4,6800000,0.000273,24.871
PCIe-HostToDevice-Split,4,6900000,0.000282,24.503
PCIe-HostToDevice-Split,4,7000000,0.000282,24.858
PCIe-HostToDevice-Split,4,7100000,0.000287,24.763
PCIe-HostToDevice-Split,4,7200000,0.000290,24.845
PCIe-HostToDevice-Split,4,7300000,0.000298,24.498
PCIe-HostToDevice-Split,4,7400000,0.000298,24.834
PCIe-HostToDevice-Split,4,7500000,0.000300,24.997
PCIe-HostToDevice-Split,4,7600000,0.000306,24.822
PCIe-HostToDevice-Split,4,7700000,0.000308,24.982
PCIe-HostToDevice-Split,4,7800000,0.000314,24.812
PCIe-HostToDevice-Split,4,7900000,0.000315,25.048
PCIe-HostToDevice-Split,4,8000000,0.000321,24.960
PCIe-DeviceToHost-Split,4,100000,0.000017,5.744
PCIe-DeviceToHost-Split,4,200000,0.000018,10.851
PCIe-DeviceToHost-Split,4,300000,0.000027,11.268
PCIe-DeviceToHost-Split,4,400000,0.000027,15.024
PCIe-DeviceToHost-Split,4,500000,0.000034,14.796
PCIe-DeviceToHost-Split,4,600000,0.000035,17.233
PCIe-DeviceToHost-Split,4,700000,0.000042,16.673
PCIe-DeviceToHost-Split,4,800000,0.000043,18.601
PCIe-DeviceToHost-Split,4,900000,0.000050,17.937
PCIe-DeviceToHost-Split,4,1000000,0.000050,19.930
PCIe-DeviceToHost-Split,4,1100000,0.000053,20.658
PCIe-DeviceToHost-Split,4,1200000,0.000058,20.559
PCIe-DeviceToHost-Split,4,1300000,0.000060,21.517
PCIe-DeviceToHost-Split,4,1400000,0.000067,21.034
PCIe-DeviceToHost-Split,4,1500000,0.000069,21.863
PCIe-DeviceToHost-Split,4,1600000,0.000075,21.404
PCIe-DeviceToHost-Split,4,1700000,0.000076,22.435
PCIe-DeviceToHost-Split,4,1800000,0.000083,21.701
PCIe-DeviceToHost-Split,4,1900000,0.000083,22.907
PCIe-DeviceToHost-Split,4,2000000,0.000091,21.945
PCIe-DeviceToHost-Split,4,2100000,0.000091,23.042
PCIe-DeviceToHost-Split,4,2200000,0.000099,22.149
PCIe-DeviceToHost-Split,4,2300000,0.000099,23.156
PCIe-DeviceToHost-Split,4,2400000,0.000102,23.438
PCIe-DeviceToHost-Split,4,2500000,0.000108,23.251
PCIe-DeviceToHost-Split,4,2600000,0.000110,23.730
PCIe-DeviceToHost-Split,4,2700000,0.000116,23.334
PCIe-DeviceToHost-Split,4,2800000,0.000118,23.777
PCIe-DeviceToHost-Split,4,2900000,0.000124,23.405
PCIe-DeviceToHost-Split,4,3000000,0.000125,24.014
PCIe-DeviceToHost-Split,4,3100000,0.000129,24.027
PCIe-DeviceToHost-Split,4,3200000,0.000132,24.225
PCIe-DeviceToHost-Split,4,3300000,0.000140,23.523
PCIe-DeviceToHost-Split,4,3400000,0.000140,24.236
PCIe-DeviceToHost-Split,4,3500000,0.000148,23.572
PCIe-DeviceToHost-Split,4,3600000,0.000148,24.246
PCIe-DeviceToHost-Split,4,3700000,0.000157,23.616
PCIe-DeviceToHost-Split,4,3800000,0.000157,24.254
PCIe-DeviceToHost-Split,4,3900000,0.000159,24.572
PCIe-DeviceToHost-Split,4,4000000,0.000165,24.262
PCIe-DeviceToHost-Split,4,4100000,0.000167,24.564
PCIe-DeviceToHost-Split,4,4200000,0.000173,24.270
PCIe-DeviceToHost-Split,4,4300000,0.000174,24.701
PCIe-DeviceToHost-Split,4,4400000,0.000181,24.276
PCIe-DeviceToHost-Split,4,4500000,0.000181,24.828
PCIe-DeviceToHost-Split,4,4600000,0.000186,24.682
PCIe-DeviceToHost-Split,4,4700000,0.000189,24.810
PCIe-DeviceToHost-Split,4,4800000,0.000196,24.542
PCIe-DeviceToHost-Split,4,4900000,0.000198,24.794
PCIe-DeviceToHost-Split,4,5000000,0.000203,24.661
PCIe-DeviceToHost-Split,4,5100000,0.000206,24.778
PCIe-DeviceToHost-Split,4,5200000,0.000214,24.297
PCIe-DeviceToHost-Split,4,5300000,0.000214,24.765
PCIe-DeviceToHost-Split,4,5400000,0.000216,24.993
PCIe-DeviceToHost-Split,4,5500000,0.000222,24.752
PCIe-DeviceToHost-Split,4,5600000,0.000223,25.086
PCIe-DeviceToHost-Split,4,5700000,0.000230,24.740
PCIe-DeviceToHost-Split,4,5800000,0.000231,25.062
PCIe-DeviceToHost-Split,4,5900000,0.000239,24.728
PCIe-DeviceToHost-Split,4,6000000,0.000239,25.148
PCIe-DeviceToHost-Split,4,6100000,0.000247,24.718
PCIe-DeviceToHost-Split,4,6200000,0.000247,25.123
PCIe-DeviceToHost-Split,4,6300000,0.000255,24.708
PCIe-DeviceToHost-Split,4,6400000,0.000254,25.202
PCIe-DeviceToHost-Split,4,6500000,0.000263,24.699
PCIe-DeviceToHost-Split,4,6600000,0.000263,25.079
PCIe-DeviceToHost-Split,4,6700000,0.000266,25.165
PCIe-DeviceToHost-Split,4,6800000,0.000271,25.059
PCIe-DeviceToHost-Split,4,6900000,0.000272,25.332
PCIe-DeviceToHost-Split,4,7000000,0.000280,25.040
PCIe-DeviceToHost-Split,4,7100000,0.000281,25.305
PCIe-DeviceToHost-Split,4,7200000,0.000288,25.022
PCIe-DeviceToHost-Split,4,7300000,0.000288,25.370
PCIe-DeviceToHost-Split,4,7400000,0.000293,25.268
PCIe-DeviceToHost-Split,4,7500000,0.000296,25.343
PCIe-DeviceToHost-Split,4,7600000,0.000300,25.331
PCIe-DeviceToHost-Split,4,7700000,0.000304,25.318
PCIe-DeviceToHost-Split,4,7800000,0.000307,25.391
PCIe-DeviceToHost-Split,4,7900000,0.000312,25.295
PCIe-DeviceToHost-Split,4,8000000,0.000314,25.448
PCIe-HostToDevice-Split,8,100000,0.000028,3.617
PCIe-HostToDevice-Split,8,200000,0.000035,5.744
PCIe-HostToDevice-Split,8,300000,0.000036,8.371
PCIe-HostToDevice-Split,8,400000,0.000039,10.280
PCIe-HostToDevice-Split,8,500000,0.000045,11.097
PCIe-HostToDevice-Split,8,600000,0.000046,13.021
PCIe-HostToDevice-Split,8,700000,0.000052,13.404
PCIe-HostToDevice-Split,8,800000,0.000053,15.024
PCIe-HostToDevice-Split,8,900000,0.000059,15.154
PCIe-HostToDevice-Split,8,1000000,0.000061,16.276
PCIe-HostToDevice-Split,8,1100000,0.000067,16.526
PCIe-HostToDevice-Split,8,1200000,0.000070,17.233
PCIe-HostToDevice-Split,8,1300000,0.000079,16.487
PCIe-HostToDevice-Split,8,1400000,0.000078,17.989
PCIe-HostToDevice-Split,8,1500000,0.000081,18.542
PCIe-HostToDevice-Split,8,1600000,0.000087,18.382
PCIe-HostToDevice-Split,8,1700000,0.000088,19.304
PCIe-HostToDevice-Split,8,1800000,0.000094,19.107
PCIe-HostToDevice-Split,8,1900000,0.000095,19.951
PCIe-HostToDevice-Split,8,2000000,0.000099,20.135
PCIe-HostToDevice-Split,8,2100000,0.000103,20.305
PCIe-HostToDevice-Split,8,2200000,0.000109,20.268
PCIe-HostToDevice-Split,8,2300000,0.000111,20.797
PCIe-HostToDevice-Split,8,2400000,0.000117,20.559
PCIe-HostToDevice-Split,8,2500000,0.000118,21.230
PCIe-HostToDevice-Split,8,2600000,0.000124,20.984
PCIe-HostToDevice-Split,8,2700000,0.000126,21.437
PCIe-HostToDevice-Split,8,2800000,0.000134,20.873
PCIe-HostToDevice-Split,8,2900000,0.000134,21.619
PCIe-HostToDevice-Split,8,3000000,0.000137,21.863
PCIe-HostToDevice-Split,8,3100000,0.000142,21.779
PCIe-HostToDevice-Split,8,3200000,0.000144,22.163
PCIe-HostToDevice-Split,8,3300000,0.000150,22.073
PCIe-HostToDevice-Split,8,3400000,0.000153,22.284
PCIe-HostToDevice-Split,8,3500000,0.000159,22.051
PCIe-HostToDevice-Split,8,3600000,0.000160,22.536
PCIe-HostToDevice-Split,8,3700000,0.000168,22.032
PCIe-HostToDevice-Split,8,3800000,0.000168,22.628
PCIe-HostToDevice-Split,8,3900000,0.000175,22.272
PCIe-HostToDevice-Split,8,4000000,0.000175,22.844
PCIe-HostToDevice-Split,8,4100000,0.000179,22.879
PCIe-HostToDevice-Split,8,4200000,0.000183,22.914
PCIe-HostToDevice-Split,8,4300000,0.000191,22.456
PCIe-HostToDevice-Split,8,4400000,0.000191,22.978
PCIe-HostToDevice-Split,8,4500000,0.000195,23.129
PCIe-HostToDevice-Split,8,4600000,0.000200,23.037
PCIe-HostToDevice-Split,8,4700000,0.000205,22.949
PCIe-HostToDevice-Split,8,4800000,0.000208,23.091
PCIe-HostToDevice-Split,8,4900000,0.000211,23.229
PCIe-HostToDevice-Split,8,5000000,0.000216,23.141
PCIe-HostToDevice-Split,8,5100000,0.000217,23.493
PCIe-HostToDevice-Split,8,5200000,0.000224,23.188
PCIe-HostToDevice-Split,8,5300000,0.000225,23.526
PCIe-HostToDevice-Split,8,5400000,0.000229,23.542
PCIe-HostToDevice-Split,8,5500000,0.000232,23.661
PCIe-HostToDevice-Split,8,5600000,0.000241,23.271
PCIe-HostToDevice-Split,8,5700000,0.000241,23.687
PCIe-HostToDevice-Split,8,5800000,0.000248,23.405
PCIe-HostToDevice-Split,8,5900000,0.000249,23.711
PCIe-HostToDevice-Split,8,6000000,0.000254,23.627
PCIe-HostToDevice-Split,8,6100000,0.000257,23.733
PCIe-HostToDevice-Split,8,6200000,0.000260,23.837
PCIe-HostToDevice-Split,8,6300000,0.000265,23.754
PCIe-HostToDevice-Split,8,6400000,0.000267,23.946
PCIe-HostToDevice-Split,8,6500000,0.000273,23.774
PCIe-HostToDevice-Split,8,6600000,0.000282,23.437
PCIe-HostToDevice-Split,8,6700000,0.000282,23.793
PCIe-HostToDevice-Split,8,6800000,0.000283,24.060
PCIe-HostToDevice-Split,8,6900000,0.000290,23.810
PCIe-HostToDevice-Split,8,7000000,0.000291,24.070
PCIe-HostToDevice-Split,8,7100000,0.000295,24.075
PCIe-HostToDevice-Split,8,7200000,0.000298,24.162
PCIe-HostToDevice-Split,8,7300000,0.000305,23.923
PCIe-HostToDevice-Split,8,7400000,0.000306,24.169
PCIe-HostToDevice-Split,8,7500000,0.000314,23.857
PCIe-HostToDevice-Split,8,7600000,0.000314,24.175
PCIe-HostToDevice-Split,8,7700000,0.000318,24.179
PCIe-HostToDevice-Split,8,7800000,0.000323,24.182
PCIe-HostToDevice-Split,8,7900000,0.000326,24.261
PCIe-HostToDevice-Split,8,8000000,0.000331,24.187
PCIe-DeviceToHost-Split,8,100000,0.000027,3.756
PCIe-DeviceToHost-Split,8,200000,0.000027,7.512
PCIe-DeviceToHost-Split,8,300000,0.000031,9.766
PCIe-DeviceToHost-Split,8,400000,0.000035,11.489
PCIe-DeviceToHost-Split,8,500000,0.000044,11.355
PCIe-DeviceToHost-Split,8,600000,0.000043,13.951
PCIe-DeviceToHost-Split,8,700000,0.000046,15.191
PCIe-DeviceToHost-Split,8,800000,0.000050,15.944
PCIe-DeviceToHost-Split,8,900000,0.000052,17.233
PCIe-DeviceToHost-Split,8,1000000,0.000058,17.133
PCIe-DeviceToHost-Split,8,1100000,0.000059,18.521
PCIe-DeviceToHost-Split,8,1200000,0.000067,18.029
PCIe-DeviceToHost-Split,8,1300000,0.000068,19.235
PCIe-DeviceToHost-Split,8,1400000,0.000072,19.531
PCIe-DeviceToHost-Split,8,1500000,0.000076,19.795
PCIe-DeviceToHost-Split,8,1600000,0.000079,20.292
PCIe-DeviceToHost-Split,8,1700000,0.000084,20.246
PCIe-DeviceToHost-Split,8,1800000,0.000091,19.751
PCIe-DeviceToHost-Split,8,1900000,0.000091,20.848
PCIe-DeviceToHost-Split,8,2000000,0.000095,21.001
PCIe-DeviceToHost-Split,8,2100000,0.000098,21.362
PCIe-DeviceToHost-Split,8,2200000,0.000101,21.701
PCIe-DeviceToHost-Split,8,2300000,0.000108,21.391
PCIe-DeviceToHost-Split,8,2400000,0.000109,22.111
PCIe-DeviceToHost-Split,8,2500000,0.000117,21.416
PCIe-DeviceToHost-Split,8,2600000,0.000117,22.272
PCIe-DeviceToHost-Split,8,2700000,0.000120,22.536
PCIe-DeviceToHost-Split,8,2800000,0.000127,22.051
PCIe-DeviceToHost-Split,8,2900000,0.000127,22.839
PCIe-DeviceToHost-Split,8,3000000,0.000134,22.364
PCIe-DeviceToHost-Split,8,3100000,0.000135,22.934
PCIe-DeviceToHost-Split,8,3200000,0.000143,22.321
PCIe-DeviceToHost-Split,8,3300000,0.000143,23.019
PCIe-DeviceToHost-Split,8,3400000,0.000152,22.435
PCIe-DeviceToHost-Split,8,3500000,0.000152,23.094
PCIe-DeviceToHost-Split,8,3600000,0.000155,23.282
PCIe-DeviceToHost-Split,8,3700000,0.000159,23.311
PCIe-DeviceToHost-Split,8,3800000,0.000162,23.487
PCIe-DeviceToHost-Split,8,3900000,0.000166,23.510
PCIe-DeviceToHost-Split,8,4000000,0.000170,23.532
PCIe-DeviceToHost-Split,8,4100000,0.000176,23.279
PCIe-DeviceToHost-Split,8,4200000,0.000177,23.708
PCIe-DeviceToHost-Split,8,4300000,0.000184,23.329
PCIe-DeviceToHost-Split,8,4400000,0.000184,23.872
PCIe-DeviceToHost-Split,8,4500000,0.000188,23.883
PCIe-DeviceToHost-Split,8,4600000,0.000191,24.022
PCIe-DeviceToHost-Split,8,4700000,0.000199,23.659
PCIe-DeviceToHost-Split,8,4800000,0.000200,24.038
PCIe-DeviceToHost-Split,8,4900000,0.000203,24.167
PCIe-DeviceToHost-Split,8,5000000,0.000209,23.935
PCIe-DeviceToHost-Split,8,5100000,0.000211,24.177
PCIe-DeviceToHost-Split,8,5200000,0.000217,23.953
PCIe-DeviceToHost-Split,8,5300000,0.000218,24.299
PCIe-DeviceToHost-Split,8,5400000,0.000225,23.970
PCIe-DeviceToHost-Split,8,5500000,0.000225,24.414
PCIe-DeviceToHost-Split,8,5600000,0.000232,24.091
PCIe-DeviceToHost-Split,8,5700000,0.000233,24.414
PCIe-DeviceToHost-Split,8,5800000,0.000239,24.309
PCIe-DeviceToHost-Split,8,5900000,0.000241,24.518
PCIe-DeviceToHost-Split,8,6000000,0.000249,24.113
PCIe-DeviceToHost-Split,8,6100000,0.000249,24.515
PCIe-DeviceToHost-Split,8,6200000,0.000252,24.613
PCIe-DeviceToHost-Split,8,6300000,0.000257,24.511
PCIe-DeviceToHost-Split,8,6400000,0.000260,24.606
PCIe-DeviceToHost-Split,8,6500000,0.000265,24.508
PCIe-DeviceToHost-Split,8,6600000,0.000273,24.140
PCIe-DeviceToHost-Split,8,6700000,0.000272,24.598
PCIe-DeviceToHost-Split,8,6800000,0.000274,24.778
PCIe-DeviceToHost-Split,8,6900000,0.000282,24.503
PCIe-DeviceToHost-Split,8,7000000,0.000283,24.768
PCIe-DeviceToHost-Split,8,7100000,0.000290,24.500
PCIe-DeviceToHost-Split,8,7200000,0.000290,24.845
PCIe-DeviceToHost-Split,8,7300000,0.000297,24.582
PCIe-DeviceToHost-Split,8,7400000,0.000298,24.834
PCIe-DeviceToHost-Split,8,7500000,0.000306,24.496
PCIe-DeviceToHost-Split,8,7600000,0.000306,24.822
PCIe-DeviceToHost-Split,8,7700000,0.000310,24.817
PCIe-DeviceToHost-Split,8,7800000,0.000314,24.812
PCIe-DeviceToHost-Split,8,7900000,0.000316,24.967
PCIe-DeviceToHost-Split,8,8000000,0.000323,24.802
PCIe-HostToDevice-UnifiedMemory-Split,1,1000000,0.000079,12.683
PCIe-HostToDevice-UnifiedMemory-Split,1,2000000,0.000130,15.379
PCIe-HostToDevice-UnifiedMemory-Split,1,3000000,0.000175,17.133
PCIe-HostToDevice-UnifiedMemory-Split,1,4000000,0.000218,18.339
PCIe-HostToDevice-UnifiedMemory-Split,1,5000000,0.000260,19.224
PCIe-HostToDevice-UnifiedMemory-Split,1,6000000,0.000297,20.205
PCIe-HostToDevice-UnifiedMemory-Split,1,7000000,0.000341,20.528
PCIe-HostToDevice-UnifiedMemory-Split,1,8000000,0.000376,21.287
PCIe-HostToDevice-UnifiedMemory-Split,1,9000000,0.000419,21.489
PCIe-HostToDevice-UnifiedMemory-Split,1,10000000,0.000462,21.653
PCIe-HostToDevice-UnifiedMemory-Split,1,11000000,0.000498,22.103
PCIe-HostToDevice-UnifiedMemory-Split,1,12000000,0.000539,22.279
PCIe-HostToDevice-UnifiedMemory-Split,1,13000000,0.000585,22.233
PCIe-HostToDevice-UnifiedMemory-Split,1,14000000,0.000620,22.598
PCIe-HostToDevice-UnifiedMemory-Split,1,15000000,0.000664,22.606
PCIe-HostToDevice-UnifiedMemory-Split,1,16000000,0.000703,22.744
PCIe-HostToDevice-UnifiedMemory-Split,1,17000000,0.000741,22.930
PCIe-HostToDevice-UnifiedMemory-Split,1,18000000,0.000778,23.129
PCIe-HostToDevice-UnifiedMemory-Split,1,19000000,0.000820,23.164
PCIe-HostToDevice-UnifiedMemory-Split,1,20000000,0.000864,23.141
PCIe-HostToDevice-UnifiedMemory-Split,1,21000000,0.000907,23.147
PCIe-HostToDevice-UnifiedMemory-Split,1,22000000,0.000943,23.327
PCIe-HostToDevice-UnifiedMemory-Split,1,23000000,0.000978,23.519
PCIe-HostToDevice-UnifiedMemory-Split,1,24000000,0.001021,23.508
PCIe-HostToDevice-UnifiedMemory-Split,1,25000000,0.001062,23.543
PCIe-HostToDevice-UnifiedMemory-Split,1,26000000,0.001105,23.532
PCIe-HostToDevice-UnifiedMemory-Split,1,27000000,0.001142,23.648
PCIe-HostToDevice-UnifiedMemory-Split,1,28000000,0.001186,23.613
PCIe-HostToDevice-UnifiedMemory-Split,1,29000000,0.001220,23.779
PCIe-HostToDevice-UnifiedMemory-Split,1,30000000,0.001264,23.741
PCIe-HostToDevice-UnifiedMemory-Split,1,31000000,0.001308,23.707
PCIe-HostToDevice-UnifiedMemory-Split,1,32000000,0.001350,23.710
PCIe-HostToDevice-UnifiedMemory-Split,1,33000000,0.001386,23.801
PCIe-HostToDevice-UnifiedMemory-Split,1,34000000,0.001419,23.956
PCIe-HostToDevice-UnifiedMemory-Split,1,35000000,0.001463,23.919
PCIe-HostToDevice-UnifiedMemory-Split,1,36000000,0.001508,23.867
PCIe-HostToDevice-UnifiedMemory-Split,1,37000000,0.001549,23.882
PCIe-HostToDevice-UnifiedMemory-Split,1,38000000,0.001585,23.972
PCIe-HostToDevice-UnifiedMemory-Split,1,39000000,0.001629,23.938
PCIe-HostToDevice-UnifiedMemory-Split,1,40000000,0.001665,24.024
PCIe-HostToDevice-UnifiedMemory-Split,1,41000000,0.001707,24.019
PCIe-HostToDevice-UnifiedMemory-Split,1,42000000,0.001768,23.750
PCIe-HostToDevice-UnifiedMemory-Split,1,43000000,0.001786,24.078
PCIe-HostToDevice-UnifiedMemory-Split,1,44000000,0.001831,24.032
PCIe-HostToDevice-UnifiedMemory-Split,1,45000000,0.001883,23.896
PCIe-HostToDevice-UnifiedMemory-Split,1,46000000,0.001918,23.984
PCIe-HostToDevice-UnifiedMemory-Split,1,47000000,0.001951,24.094
PCIe-HostToDevice-UnifiedMemory-Split,1,48000000,0.002007,23.916
PCIe-HostToDevice-UnifiedMemory-Split,1,49000000,0.002037,24.058
PCIe-HostToDevice-UnifiedMemory-Split,1,50000000,0.002074,24.113
PCIe-HostToDevice-UnifiedMemory-Split,1,51000000,0.002118,24.084
PCIe-HostToDevice-UnifiedMemory-Split,1,52000000,0.002171,23.953
PCIe-HostToDevice-UnifiedMemory-Split,1,53000000,0.002205,24.040
PCIe-HostToDevice-UnifiedMemory-Split,1,54000000,0.002250,24.003
PCIe-HostToDevice-UnifiedMemory-Split,1,55000000,0.002291,24.010
PCIe-HostToDevice-UnifiedMemory-Split,1,56000000,0.002318,24.155
PCIe-HostToDevice-UnifiedMemory-Split,1,57000000,0.002361,24.139
PCIe-HostToDevice-UnifiedMemory-Split,1,58000000,0.002415,24.021
PCIe-HostToDevice-UnifiedMemory-Split,1,59000000,0.002440,24.178
PCIe-HostToDevice-UnifiedMemory-Split,1,60000000,0.002493,24.063
PCIe-HostToDevice-UnifiedMemory-Split,1,61000000,0.002535,24.059
PCIe-HostToDevice-UnifiedMemory-Split,1,62000000,0.002571,24.113
PCIe-HostToDevice-UnifiedMemory-Split,1,63000000,0.002614,24.098
PCIe-HostToDevice-UnifiedMemory-Split,1,64000000,0.002649,24.159
PCIe-HostToDevice-UnifiedMemory-Split,1,65000000,0.002692,24.145
PCIe-HostToDevice-UnifiedMemory-Split,1,66000000,0.002737,24.113
PCIe-HostToDevice-UnifiedMemory-Split,1,67000000,0.002772,24.171
PCIe-HostToDevice-UnifiedMemory-Split,1,68000000,0.002815,24.157
PCIe-HostToDevice-UnifiedMemory-Split,1,69000000,0.002841,24.291
PCIe-HostToDevice-UnifiedMemory-Split,1,70000000,0.002893,24.198
PCIe-HostToDevice-UnifiedMemory-Split,1,71000000,0.002937,24.176
PCIe-HostToDevice-UnifiedMemory-Split,1,72000000,0.002980,24.162
PCIe-HostToDevice-UnifiedMemory-Split,1,73000000,0.003017,24.199
PCIe-HostToDevice-UnifiedMemory-Split,1,74000000,0.003058,24.201
PCIe-HostToDevice-UnifiedMemory-Split,1,75000000,0.003094,24.244
PCIe-HostToDevice-UnifiedMemory-Split,1,76000000,0.003147,24.152
PCIe-HostToDevice-UnifiedMemory-Split,1,77000000,0.003182,24.202
PCIe-HostToDevice-UnifiedMemory-Split,1,78000000,0.003214,24.266
PCIe-HostToDevice-UnifiedMemory-Split,1,79000000,0.003277,24.109
PCIe-HostToDevice-UnifiedMemory-Split,1,80000000,0.003302,24.225
PCIe-DeviceToHost-UnifiedMemory-Split,1,1000000,0.000089,11.225
PCIe-DeviceToHost-UnifiedMemory-Split,1,2000000,0.000155,12.935
PCIe-DeviceToHost-UnifiedMemory-Split,1,3000000,0.000190,15.751
PCIe-DeviceToHost-UnifiedMemory-Split,1,4000000,0.000237,16.910
PCIe-DeviceToHost-UnifiedMemory-Split,1,5000000,0.000265,18.853
PCIe-DeviceToHost-UnifiedMemory-Split,1,6000000,0.000311,19.274
PCIe-DeviceToHost-UnifiedMemory-Split,1,7000000,0.000347,20.165
PCIe-DeviceToHost-UnifiedMemory-Split,1,8000000,0.000385,20.778
PCIe-DeviceToHost-UnifiedMemory-Split,1,9000000,0.000423,21.281
PCIe-DeviceToHost-UnifiedMemory-Split,1,10000000,0.000467,21.416
PCIe-DeviceToHost-UnifiedMemory-Split,1,11000000,0.000505,21.789
PCIe-DeviceToHost-UnifiedMemory-Split,1,12000000,0.000542,22.153
PCIe-DeviceToHost-UnifiedMemory-Split,1,13000000,0.000589,22.079
PCIe-DeviceToHost-UnifiedMemory-Split,1,14000000,0.000616,22.711
PCIe-DeviceToHost-UnifiedMemory-Split,1,15000000,0.000664,22.606
PCIe-DeviceToHost-UnifiedMemory-Split,1,16000000,0.000690,23.182
PCIe-DeviceToHost-UnifiedMemory-Split,1,17000000,0.000746,22.773
PCIe-DeviceToHost-UnifiedMemory-Split,1,18000000,0.000764,23.563
PCIe-DeviceToHost-UnifiedMemory-Split,1,19000000,0.000819,23.193
PCIe-DeviceToHost-UnifiedMemory-Split,1,20000000,0.000847,23.617
PCIe-DeviceToHost-UnifiedMemory-Split,1,21000000,0.000902,23.278
PCIe-DeviceToHost-UnifiedMemory-Split,1,22000000,0.000921,23.898
PCIe-DeviceToHost-UnifiedMemory-Split,1,23000000,0.000977,23.544
PCIe-DeviceToHost-UnifiedMemory-Split,1,24000000,0.001004,23.916
PCIe-DeviceToHost-UnifiedMemory-Split,1,25000000,0.001049,23.842
PCIe-DeviceToHost-UnifiedMemory-Split,1,26000000,0.001086,23.931
PCIe-DeviceToHost-UnifiedMemory-Split,1,27000000,0.001133,23.840
PCIe-DeviceToHost-UnifiedMemory-Split,1,28000000,0.001160,24.134
PCIe-DeviceToHost-UnifiedMemory-Split,1,29000000,0.001206,24.041
PCIe-DeviceToHost-UnifiedMemory-Split,1,30000000,0.001243,24.133
PCIe-DeviceToHost-UnifiedMemory-Split,1,31000000,0.001281,24.199
PCIe-DeviceToHost-UnifiedMemory-Split,1,32000000,0.001317,24.300
PCIe-DeviceToHost-UnifiedMemory-Split,1,33000000,0.001353,24.396
PCIe-DeviceToHost-UnifiedMemory-Split,1,34000000,0.001400,24.289
PCIe-DeviceToHost-UnifiedMemory-Split,1,35000000,0.001437,24.362
PCIe-DeviceToHost-UnifiedMemory-Split,1,36000000,0.001482,24.296
PCIe-DeviceToHost-UnifiedMemory-Split,1,37000000,0.001512,24.464
PCIe-DeviceToHost-UnifiedMemory-Split,1,38000000,0.001565,24.286
PCIe-DeviceToHost-UnifiedMemory-Split,1,39000000,0.001584,24.619
PCIe-DeviceToHost-UnifiedMemory-Split,1,40000000,0.001639,24.399
PCIe-DeviceToHost-UnifiedMemory-Split,1,41000000,0.001667,24.594
PCIe-DeviceToHost-UnifiedMemory-Split,1,42000000,0.001722,24.385
PCIe-DeviceToHost-UnifiedMemory-Split,1,43000000,0.001750,24.571
PCIe-DeviceToHost-UnifiedMemory-Split,1,44000000,0.001816,24.235
PCIe-DeviceToHost-UnifiedMemory-Split,1,45000000,0.001834,24.537
PCIe-DeviceToHost-UnifiedMemory-Split,1,46000000,0.001881,24.454
PCIe-DeviceToHost-UnifiedMemory-Split,1,47000000,0.001916,24.531
PCIe-DeviceToHost-UnifiedMemory-Split,1,48000000,0.001962,24.465
PCIe-DeviceToHost-UnifiedMemory-Split,1,49000000,0.002000,24.502
PCIe-DeviceToHost-UnifiedMemory-Split,1,50000000,0.002045,24.451
PCIe-DeviceToHost-UnifiedMemory-Split,1,51000000,0.002064,24.705
PCIe-DeviceToHost-UnifiedMemory-Split,1,52000000,0.002119,24.544
PCIe-DeviceToHost-UnifiedMemory-Split,1,53000000,0.002166,24.472
PCIe-DeviceToHost-UnifiedMemory-Split,1,54000000,0.002193,24.619
PCIe-DeviceToHost-UnifiedMemory-Split,1,55000000,0.002239,24.559
PCIe-DeviceToHost-UnifiedMemory-Split,1,56000000,0.002259,24.790
PCIe-DeviceToHost-UnifiedMemory-Split,1,57000000,0.002322,24.543
PCIe-DeviceToHost-UnifiedMemory-Split,1,58000000,0.002349,24.691
PCIe-DeviceToHost-UnifiedMemory-Split,1,59000000,0.002387,24.718
PCIe-DeviceToHost-UnifiedMemory-Split,1,60000000,0.002424,24.754
PCIe-DeviceToHost-UnifiedMemory-Split,1,61000000,0.002479,24.606
PCIe-DeviceToHost-UnifiedMemory-Split,1,62000000,0.002506,24.743
PCIe-DeviceToHost-UnifiedMemory-Split,1,63000000,0.002562,24.590
PCIe-DeviceToHost-UnifiedMemory-Split,1,64000000,0.002598,24.635
PCIe-DeviceToHost-UnifiedMemory-Split,1,65000000,0.002635,24.670
PCIe-DeviceToHost-UnifiedMemory-Split,1,66000000,0.002663,24.780
PCIe-DeviceToHost-UnifiedMemory-Split,1,67000000,0.002710,24.728
PCIe-DeviceToHost-UnifiedMemory-Split,1,68000000,0.002746,24.760
PCIe-DeviceToHost-UnifiedMemory-Split,1,69000000,0.002793,24.700
PCIe-DeviceToHost-UnifiedMemory-Split,1,70000000,0.002820,24.822
PCIe-DeviceToHost-UnifiedMemory-Split,1,71000000,0.002867,24.763
PCIe-DeviceToHost-UnifiedMemory-Split,1,72000000,0.002898,24.845
PCIe-DeviceToHost-UnifiedMemory-Split,1,73000000,0.002940,24.831
PCIe-DeviceToHost-UnifiedMemory-Split,1,74000000,0.002986,24.782
PCIe-DeviceToHost-UnifiedMemory-Split,1,75000000,0.002995,25.040
PCIe-DeviceToHost-UnifiedMemory-Split,1,76000000,0.003068,24.773
PCIe-DeviceToHost-UnifiedMemory-Split,1,77000000,0.003096,24.874
PCIe-DeviceToHost-UnifiedMemory-Split,1,78000000,0.003142,24.828
PCIe-DeviceToHost-UnifiedMemory-Split,1,79000000,0.003171,24.911
PCIe-DeviceToHost-UnifiedMemory-Split,1,80000000,0.003234,24.739
PCIe-HostToDevice-UnifiedMemory-Split,2,1000000,0.000083,12.056
PCIe-HostToDevice-UnifiedMemory-Split,2,2000000,0.000126,15.879
PCIe-HostToDevice-UnifiedMemory-Split,2,3000000,0.000165,18.197
PCIe-HostToDevice-UnifiedMemory-Split,2,4000000,0.000211,18.962
PCIe-HostToDevice-UnifiedMemory-Split,2,5000000,0.000257,19.453
PCIe-HostToDevice-UnifiedMemory-Split,2,6000000,0.000296,20.275
PCIe-HostToDevice-UnifiedMemory-Split,2,7000000,0.000334,20.969
PCIe-HostToDevice-UnifiedMemory-Split,2,8000000,0.000376,21.287
PCIe-HostToDevice-UnifiedMemory-Split,2,9000000,0.000424,21.230
PCIe-HostToDevice-UnifiedMemory-Split,2,10000000,0.000460,21.750
PCIe-HostToDevice-UnifiedMemory-Split,2,11000000,0.000499,22.058
PCIe-HostToDevice-UnifiedMemory-Split,2,12000000,0.000536,22.407
PCIe-HostToDevice-UnifiedMemory-Split,2,13000000,0.000579,22.470
PCIe-HostToDevice-UnifiedMemory-Split,2,14000000,0.000622,22.524
PCIe-HostToDevice-UnifiedMemory-Split,2,15000000,0.000662,22.676
PCIe-HostToDevice-UnifiedMemory-Split,2,16000000,0.000703,22.744
PCIe-HostToDevice-UnifiedMemory-Split,2,17000000,0.000750,22.680
PCIe-HostToDevice-UnifiedMemory-Split,2,18000000,0.000788,22.829
PCIe-HostToDevice-UnifiedMemory-Split,2,19000000,0.000826,22.992
PCIe-HostToDevice-UnifiedMemory-Split,2,20000000,0.000866,23.087
PCIe-HostToDevice-UnifiedMemory-Split,2,21000000,0.000910,23.068
PCIe-HostToDevice-UnifiedMemory-Split,2,22000000,0.000948,23.201
PCIe-HostToDevice-UnifiedMemory-Split,2,23000000,0.000987,23.300
PCIe-HostToDevice-UnifiedMemory-Split,2,24000000,0.001025,23.414
PCIe-HostToDevice-UnifiedMemory-Split,2,25000000,0.001064,23.498
PCIe-HostToDevice-UnifiedMemory-Split,2,26000000,0.001111,23.401
PCIe-HostToDevice-UnifiedMemory-Split,2,27000000,0.001149,23.500
PCIe-HostToDevice-UnifiedMemory-Split,2,28000000,0.001189,23.552
PCIe-HostToDevice-UnifiedMemory-Split,2,29000000,0.001229,23.600
PCIe-HostToDevice-UnifiedMemory-Split,2,30000000,0.001272,23.588
PCIe-HostToDevice-UnifiedMemory-Split,2,31000000,0.001312,23.633
PCIe-HostToDevice-UnifiedMemory-Split,2,32000000,0.001350,23.710
PCIe-HostToDevice-UnifiedMemory-Split,2,33000000,0.001391,23.731
PCIe-HostToDevice-UnifiedMemory-Split,2,34000000,0.001433,23.733
PCIe-HostToDevice-UnifiedMemory-Split,2,35000000,0.001474,23.752
PCIe-HostToDevice-UnifiedMemory-Split,2,36000000,0.001511,23.819
PCIe-HostToDevice-UnifiedMemory-Split,2,37000000,0.001550,23.866
PCIe-HostToDevice-UnifiedMemory-Split,2,38000000,0.001595,23.819
PCIe-HostToDevice-UnifiedMemory-Split,2,39000000,0.001635,23.848
PCIe-HostToDevice-UnifiedMemory-Split,2,40000000,0.001673,23.906
PCIe-HostToDevice-UnifiedMemory-Split,2,41000000,0.001711,23.961
PCIe-HostToDevice-UnifiedMemory-Split,2,42000000,0.001756,23.916
PCIe-HostToDevice-UnifiedMemory-Split,2,43000000,0.001794,23.968
PCIe-HostToDevice-UnifiedMemory-Split,2,44000000,0.001834,23.991
PCIe-HostToDevice-UnifiedMemory-Split,2,45000000,0.001873,24.027
PCIe-HostToDevice-UnifiedMemory-Split,2,46000000,0.001913,24.048
PCIe-HostToDevice-UnifiedMemory-Split,2,47000000,0.001957,24.018
PCIe-HostToDevice-UnifiedMemory-Split,2,48000000,0.001997,24.038
PCIe-HostToDevice-UnifiedMemory-Split,2,49000000,0.002035,24.082
PCIe-HostToDevice-UnifiedMemory-Split,2,50000000,0.002071,24.148
PCIe-HostToDevice-UnifiedMemory-Split,2,51000000,0.002120,24.060
PCIe-HostToDevice-UnifiedMemory-Split,2,52000000,0.002159,24.090
PCIe-HostToDevice-UnifiedMemory-Split,2,53000000,0.002196,24.130
PCIe-HostToDevice-UnifiedMemory-Split,2,54000000,0.002233,24.179
PCIe-HostToDevice-UnifiedMemory-Split,2,55000000,0.002280,24.118
PCIe-HostToDevice-UnifiedMemory-Split,2,56000000,0.002319,24.145
PCIe-HostToDevice-UnifiedMemory-Split,2,57000000,0.002358,24.170
PCIe-HostToDevice-UnifiedMemory-Split,2,58000000,0.002396,24.205
PCIe-HostToDevice-UnifiedMemory-Split,2,59000000,0.002443,24.148
PCIe-HostToDevice-UnifiedMemory-Split,2,60000000,0.002481,24.182
PCIe-HostToDevice-UnifiedMemory-Split,2,61000000,0.002518,24.225
PCIe-HostToDevice-UnifiedMemory-Split,2,62000000,0.002553,24.287
PCIe-HostToDevice-UnifiedMemory-Split,2,63000000,0.002607,24.165
PCIe-HostToDevice-UnifiedMemory-Split,2,64000000,0.002644,24.206
PCIe-HostToDevice-UnifiedMemory-Split,2,65000000,0.002681,24.246
PCIe-HostToDevice-UnifiedMemory-Split,2,66000000,0.002720,24.267
PCIe-HostToDevice-UnifiedMemory-Split,2,67000000,0.002758,24.296
PCIe-HostToDevice-UnifiedMemory-Split,2,68000000,0.002805,24.245
PCIe-HostToDevice-UnifiedMemory-Split,2,69000000,0.002844,24.265
PCIe-HostToDevice-UnifiedMemory-Split,2,70000000,0.002881,24.301
PCIe-HostToDevice-UnifiedMemory-Split,2,71000000,0.002919,24.320
PCIe-HostToDevice-UnifiedMemory-Split,2,72000000,0.002969,24.254
PCIe-HostToDevice-UnifiedMemory-Split,2,73000000,0.003006,24.281
PCIe-HostToDevice-UnifiedMemory-Split,2,74000000,0.003047,24.283
PCIe-HostToDevice-UnifiedMemory-Split,2,75000000,0.003080,24.349
PCIe-HostToDevice-UnifiedMemory-Split,2,76000000,0.003128,24.294
PCIe-HostToDevice-UnifiedMemory-Split,2,77000000,0.003166,24.319
PCIe-HostToDevice-UnifiedMemory-Split,2,78000000,0.003204,24.344
PCIe-HostToDevice-UnifiedMemory-Split,2,79000000,0.003243,24.360
PCIe-HostToDevice-UnifiedMemory-Split,2,80000000,0.003288,24.330
PCIe-DeviceToHost-UnifiedMemory-Split,2,1000000,0.000104,9.574
PCIe-DeviceToHost-UnifiedMemory-Split,2,2000000,0.000170,11.766
PCIe-DeviceToHost-UnifiedMemory-Split,2,3000000,0.000177,16.935
PCIe-DeviceToHost-UnifiedMemory-Split,2,4000000,0.000230,17.361
PCIe-DeviceToHost-UnifiedMemory-Split,2,5000000,0.000250,20.012
PCIe-DeviceToHost-UnifiedMemory-Split,2,6000000,0.000284,21.153
PCIe-DeviceToHost-UnifiedMemory-Split,2,7000000,0.000335,20.905
PCIe-DeviceToHost-UnifiedMemory-Split,2,8000000,0.000384,20.833
PCIe-DeviceToHost-UnifiedMemory-Split,2,9000000,0.000411,21.918
PCIe-DeviceToHost-UnifiedMemory-Split,2,10000000,0.000440,22.711
PCIe-DeviceToHost-UnifiedMemory-Split,2,11000000,0.000489,22.473
PCIe-DeviceToHost-UnifiedMemory-Split,2,12000000,0.000538,22.321
PCIe-DeviceToHost-UnifiedMemory-Split,2,13000000,0.000573,22.670
PCIe-DeviceToHost-UnifiedMemory-Split,2,14000000,0.000601,23.291
PCIe-DeviceToHost-UnifiedMemory-Split,2,15000000,0.000643,23.326
PCIe-DeviceToHost-UnifiedMemory-Split,2,16000000,0.000690,23.182
PCIe-DeviceToHost-UnifiedMemory-Split,2,17000000,0.000739,22.994
PCIe-DeviceToHost-UnifiedMemory-Split,2,18000000,0.000750,24.014
PCIe-DeviceToHost-UnifiedMemory-Split,2,19000000,0.000799,23.788
PCIe-DeviceToHost-UnifiedMemory-Split,2,20000000,0.000849,23.560
PCIe-DeviceToHost-UnifiedMemory-Split,2,21000000,0.000896,23.437
PCIe-DeviceToHost-UnifiedMemory-Split,2,22000000,0.000907,24.249
PCIe-DeviceToHost-UnifiedMemory-Split,2,23000000,0.000952,24.152
PCIe-DeviceToHost-UnifiedMemory-Split,2,24000000,0.001004,23.916
PCIe-DeviceToHost-UnifiedMemory-Split,2,25000000,0.001051,23.795
PCIe-DeviceToHost-UnifiedMemory-Split,2,26000000,0.001072,24.251
PCIe-DeviceToHost-UnifiedMemory-Split,2,27000000,0.001103,24.482
PCIe-DeviceToHost-UnifiedMemory-Split,2,28000000,0.001157,24.198
PCIe-DeviceToHost-UnifiedMemory-Split,2,29000000,0.001208,24.000
PCIe-DeviceToHost-UnifiedMemory-Split,2,30000000,0.001230,24.394
PCIe-DeviceToHost-UnifiedMemory-Split,2,31000000,0.001258,24.633
PCIe-DeviceToHost-UnifiedMemory-Split,2,32000000,0.001309,24.452
PCIe-DeviceToHost-UnifiedMemory-Split,2,33000000,0.001357,24.322
PCIe-DeviceToHost-UnifiedMemory-Split,2,34000000,0.001398,24.325
PCIe-DeviceToHost-UnifiedMemory-Split,2,35000000,0.001409,24.840
PCIe-DeviceToHost-UnifiedMemory-Split,2,36000000,0.001467,24.533
PCIe-DeviceToHost-UnifiedMemory-Split,2,37000000,0.001512,24.464
PCIe-DeviceToHost-UnifiedMemory-Split,2,38000000,0.001556,24.414
PCIe-DeviceToHost-UnifiedMemory-Split,2,39000000,0.001569,24.860
PCIe-DeviceToHost-UnifiedMemory-Split,2,40000000,0.001619,24.707
PCIe-DeviceToHost-UnifiedMemory-Split,2,41000000,0.001672,24.519
PCIe-DeviceToHost-UnifiedMemory-Split,2,42000000,0.001716,24.472
PCIe-DeviceToHost-UnifiedMemory-Split,2,43000000,0.001729,24.877
PCIe-DeviceToHost-UnifiedMemory-Split,2,44000000,0.001774,24.809
PCIe-DeviceToHost-UnifiedMemory-Split,2,45000000,0.001821,24.716
PCIe-DeviceToHost-UnifiedMemory-Split,2,46000000,0.001876,24.521
PCIe-DeviceToHost-UnifiedMemory-Split,2,47000000,0.001893,24.823
PCIe-DeviceToHost-UnifiedMemory-Split,2,48000000,0.001923,24.960
PCIe-DeviceToHost-UnifiedMemory-Split,2,49000000,0.001973,24.832
PCIe-DeviceToHost-UnifiedMemory-Split,2,50000000,0.002028,24.661
PCIe-DeviceToHost-UnifiedMemory-Split,2,51000000,0.002048,24.902
PCIe-DeviceToHost-UnifiedMemory-Split,2,52000000,0.002079,25.015
PCIe-DeviceToHost-UnifiedMemory-Split,2,53000000,0.002130,24.884
PCIe-DeviceToHost-UnifiedMemory-Split,2,54000000,0.002182,24.746
PCIe-DeviceToHost-UnifiedMemory-Split,2,55000000,0.002216,24.820
PCIe-DeviceToHost-UnifiedMemory-Split,2,56000000,0.002236,25.040
PCIe-DeviceToHost-UnifiedMemory-Split,2,57000000,0.002280,24.995
PCIe-DeviceToHost-UnifiedMemory-Split,2,58000000,0.002338,24.810
PCIe-DeviceToHost-UnifiedMemory-Split,2,59000000,0.002384,24.750
PCIe-DeviceToHost-UnifiedMemory-Split,2,60000000,0.002388,25.126
PCIe-DeviceToHost-UnifiedMemory-Split,2,61000000,0.002437,25.030
PCIe-DeviceToHost-UnifiedMemory-Split,2,62000000,0.002489,24.906
PCIe-DeviceToHost-UnifiedMemory-Split,2,63000000,0.002533,24.868
PCIe-DeviceToHost-UnifiedMemory-Split,2,64000000,0.002545,25.151
PCIe-DeviceToHost-UnifiedMemory-Split,2,65000000,0.002594,25.060
PCIe-DeviceToHost-UnifiedMemory-Split,2,66000000,0.002645,24.953
PCIe-DeviceToHost-UnifiedMemory-Split,2,67000000,0.002696,24.850
PCIe-DeviceToHost-UnifiedMemory-Split,2,68000000,0.002724,24.965
PCIe-DeviceToHost-UnifiedMemory-Split,2,69000000,0.002741,25.171
PCIe-DeviceToHost-UnifiedMemory-Split,2,70000000,0.002790,25.086
PCIe-DeviceToHost-UnifiedMemory-Split,2,71000000,0.002847,24.941
PCIe-DeviceToHost-UnifiedMemory-Split,2,72000000,0.002887,24.942
PCIe-DeviceToHost-UnifiedMemory-Split,2,73000000,0.002901,25.164
PCIe-DeviceToHost-UnifiedMemory-Split,2,74000000,0.002946,25.118
PCIe-DeviceToHost-UnifiedMemory-Split,2,75000000,0.003000,24.997
PCIe-DeviceToHost-UnifiedMemory-Split,2,76000000,0.003036,25.032
PCIe-DeviceToHost-UnifiedMemory-Split,2,77000000,0.003055,25.208
PCIe-DeviceToHost-UnifiedMemory-Split,2,78000000,0.003101,25.156
PCIe-DeviceToHost-UnifiedMemory-Split,2,79000000,0.003153,25.056
PCIe-DeviceToHost-UnifiedMemory-Split,2,80000000,0.003191,25.072
PCIe-HostToDevice-UnifiedMemory-Split,4,1000000,0.000093,10.731
PCIe-HostToDevice-UnifiedMemory-Split,4,2000000,0.000137,14.576
PCIe-HostToDevice-UnifiedMemory-Split,4,3000000,0.000178,16.837
PCIe-HostToDevice-UnifiedMemory-Split,4,4000000,0.000220,18.169
PCIe-HostToDevice-UnifiedMemory-Split,4,5000000,0.000259,19.300
PCIe-HostToDevice-UnifiedMemory-Split,4,6000000,0.000300,19.998
PCIe-HostToDevice-UnifiedMemory-Split,4,7000000,0.000341,20.528
PCIe-HostToDevice-UnifiedMemory-Split,4,8000000,0.000382,20.945
PCIe-HostToDevice-UnifiedMemory-Split,4,9000000,0.000435,20.680
PCIe-HostToDevice-UnifiedMemory-Split,4,10000000,0.000473,21.138
PCIe-HostToDevice-UnifiedMemory-Split,4,11000000,0.000511,21.527
PCIe-HostToDevice-UnifiedMemory-Split,4,12000000,0.000550,21.823
PCIe-HostToDevice-UnifiedMemory-Split,4,13000000,0.000592,21.964
PCIe-HostToDevice-UnifiedMemory-Split,4,14000000,0.000629,22.267
PCIe-HostToDevice-UnifiedMemory-Split,4,15000000,0.000668,22.467
PCIe-HostToDevice-UnifiedMemory-Split,4,16000000,0.000707,22.645
PCIe-HostToDevice-UnifiedMemory-Split,4,17000000,0.000763,22.284
PCIe-HostToDevice-UnifiedMemory-Split,4,18000000,0.000798,22.565
PCIe-HostToDevice-UnifiedMemory-Split,4,19000000,0.000840,22.628
PCIe-HostToDevice-UnifiedMemory-Split,4,20000000,0.000879,22.764
PCIe-HostToDevice-UnifiedMemory-Split,4,21000000,0.000913,22.991
PCIe-HostToDevice-UnifiedMemory-Split,4,22000000,0.000953,23.077
PCIe-HostToDevice-UnifiedMemory-Split,4,23000000,0.000992,23.180
PCIe-HostToDevice-UnifiedMemory-Split,4,24000000,0.001031,23.275
PCIe-HostToDevice-UnifiedMemory-Split,4,25000000,0.001070,23.363
PCIe-HostToDevice-UnifiedMemory-Split,4,26000000,0.001118,23.251
PCIe-HostToDevice-UnifiedMemory-Split,4,27000000,0.001158,23.313
PCIe-HostToDevice-UnifiedMemory-Split,4,28000000,0.001200,23.331
PCIe-HostToDevice-UnifiedMemory-Split,4,29000000,0.001237,23.444
PCIe-HostToDevice-UnifiedMemory-Split,4,30000000,0.001274,23.551
PCIe-HostToDevice-UnifiedMemory-Split,4,31000000,0.001314,23.596
PCIe-HostToDevice-UnifiedMemory-Split,4,32000000,0.001351,23.692
PCIe-HostToDevice-UnifiedMemory-Split,4,33000000,0.001391,23.731
PCIe-HostToDevice-UnifiedMemory-Split,4,34000000,0.001445,23.532
PCIe-HostToDevice-UnifiedMemory-Split,4,35000000,0.001483,23.605
PCIe-HostToDevice-UnifiedMemory-Split,4,36000000,0.001521,23.674
PCIe-HostToDevice-UnifiedMemory-Split,4,37000000,0.001560,23.725
PCIe-HostToDevice-UnifiedMemory-Split,4,38000000,0.001598,23.773
PCIe-HostToDevice-UnifiedMemory-Split,4,39000000,0.001638,23.804
PCIe-HostToDevice-UnifiedMemory-Split,4,40000000,0.001677,23.848
PCIe-HostToDevice-UnifiedMemory-Split,4,41000000,0.001713,23.932
PCIe-HostToDevice-UnifiedMemory-Split,4,42000000,0.001764,23.805
PCIe-HostToDevice-UnifiedMemory-Split,4,43000000,0.001802,23.859
PCIe-HostToDevice-UnifiedMemory-Split,4,44000000,0.001843,23.872
PCIe-HostToDevice-UnifiedMemory-Split,4,45000000,0.001881,23.922
PCIe-HostToDevice-UnifiedMemory-Split,4,46000000,0.001920,23.958
PCIe-HostToDevice-UnifiedMemory-Split,4,47000000,0.001958,24.005
PCIe-HostToDevice-UnifiedMemory-Split,4,48000000,0.001996,24.051
PCIe-HostToDevice-UnifiedMemory-Split,4,49000000,0.002036,24.070
PCIe-HostToDevice-UnifiedMemory-Split,4,50000000,0.002073,24.125
PCIe-HostToDevice-UnifiedMemory-Split,4,51000000,0.002129,23.956
PCIe-HostToDevice-UnifiedMemory-Split,4,52000000,0.002166,24.010
PCIe-HostToDevice-UnifiedMemory-Split,4,53000000,0.002204,24.051
PCIe-HostToDevice-UnifiedMemory-Split,4,54000000,0.002243,24.080
PCIe-HostToDevice-UnifiedMemory-Split,4,55000000,0.002281,24.107
PCIe-HostToDevice-UnifiedMemory-Split,4,56000000,0.002320,24.134
PCIe-HostToDevice-UnifiedMemory-Split,4,57000000,0.002359,24.160
PCIe-HostToDevice-UnifiedMemory-Split,4,58000000,0.002401,24.154
PCIe-HostToDevice-UnifiedMemory-Split,4,59000000,0.002447,24.108
PCIe-HostToDevice-UnifiedMemory-Split,4,60000000,0.002487,24.123
PCIe-HostToDevice-UnifiedMemory-Split,4,61000000,0.002525,24.157
PCIe-HostToDevice-UnifiedMemory-Split,4,62000000,0.002564,24.180
PCIe-HostToDevice-UnifiedMemory-Split,4,63000000,0.002601,24.222
PCIe-HostToDevice-UnifiedMemory-Split,4,64000000,0.002640,24.244
PCIe-HostToDevice-UnifiedMemory-Split,4,65000000,0.002680,24.255
PCIe-HostToDevice-UnifiedMemory-Split,4,66000000,0.002718,24.285
PCIe-HostToDevice-UnifiedMemory-Split,4,67000000,0.002758,24.296
PCIe-HostToDevice-UnifiedMemory-Split,4,68000000,0.002810,24.201
PCIe-HostToDevice-UnifiedMemory-Split,4,69000000,0.002850,24.212
PCIe-HostToDevice-UnifiedMemory-Split,4,70000000,0.002888,24.241
PCIe-HostToDevice-UnifiedMemory-Split,4,71000000,0.002926,24.269
PCIe-HostToDevice-UnifiedMemory-Split,4,72000000,0.002964,24.288
PCIe-HostToDevice-UnifiedMemory-Split,4,73000000,0.003003,24.306
PCIe-HostToDevice-UnifiedMemory-Split,4,74000000,0.003041,24.332
PCIe-HostToDevice-UnifiedMemory-Split,4,75000000,0.003080,24.349
PCIe-HostToDevice-UnifiedMemory-Split,4,76000000,0.003131,24.270
PCIe-HostToDevice-UnifiedMemory-Split,4,77000000,0.003168,24.304
PCIe-HostToDevice-UnifiedMemory-Split,4,78000000,0.003207,24.321
PCIe-HostToDevice-UnifiedMemory-Split,4,79000000,0.003246,24.337
PCIe-HostToDevice-UnifiedMemory-Split,4,80000000,0.003285,24.353
PCIe-DeviceToHost-UnifiedMemory-Split,4,1000000,0.000148,6.735
PCIe-DeviceToHost-UnifiedMemory-Split,4,2000000,0.000201,9.965
PCIe-DeviceToHost-UnifiedMemory-Split,4,3000000,0.000229,13.079
PCIe-DeviceToHost-UnifiedMemory-Split,4,4000000,0.000290,13.803
PCIe-DeviceToHost-UnifiedMemory-Split,4,5000000,0.000297,16.837
PCIe-DeviceToHost-UnifiedMemory-Split,4,6000000,0.000346,17.335
PCIe-DeviceToHost-UnifiedMemory-Split,4,7000000,0.000398,17.573
PCIe-DeviceToHost-UnifiedMemory-Split,4,8000000,0.000452,17.715
PCIe-DeviceToHost-UnifiedMemory-Split,4,9000000,0.000499,18.047
PCIe-DeviceToHost-UnifiedMemory-Split,4,10000000,0.000471,21.230
PCIe-DeviceToHost-UnifiedMemory-Split,4,11000000,0.000490,22.426
PCIe-DeviceToHost-UnifiedMemory-Split,4,12000000,0.000530,22.623
PCIe-DeviceToHost-UnifiedMemory-Split,4,13000000,0.000636,20.443
PCIe-DeviceToHost-UnifiedMemory-Split,4,14000000,0.000674,20.778
PCIe-DeviceToHost-UnifiedMemory-Split,4,15000000,0.000718,20.896
PCIe-DeviceToHost-UnifiedMemory-Split,4,16000000,0.000763,20.973
PCIe-DeviceToHost-UnifiedMemory-Split,4,17000000,0.000817,20.804
PCIe-DeviceToHost-UnifiedMemory-Split,4,18000000,0.000844,21.333
PCIe-DeviceToHost-UnifiedMemory-Split,4,19000000,0.000872,21.778
PCIe-DeviceToHost-UnifiedMemory-Split,4,20000000,0.000905,22.094
PCIe-DeviceToHost-UnifiedMemory-Split,4,21000000,0.000941,22.315
PCIe-DeviceToHost-UnifiedMemory-Split,4,22000000,0.000973,22.615
PCIe-DeviceToHost-UnifiedMemory-Split,4,23000000,0.001021,22.529
PCIe-DeviceToHost-UnifiedMemory-Split,4,24000000,0.001078,22.258
PCIe-DeviceToHost-UnifiedMemory-Split,4,25000000,0.001129,22.134
PCIe-DeviceToHost-UnifiedMemory-Split,4,26000000,0.001162,22.371
PCIe-DeviceToHost-UnifiedMemory-Split,4,27000000,0.001195,22.594
PCIe-DeviceToHost-UnifiedMemory-Split,4,28000000,0.001221,22.939
PCIe-DeviceToHost-UnifiedMemory-Split,4,29000000,0.001251,23.175
PCIe-DeviceToHost-UnifiedMemory-Split,4,30000000,0.001289,23.270
PCIe-DeviceToHost-UnifiedMemory-Split,4,31000000,0.001330,23.305
PCIe-DeviceToHost-UnifiedMemory-Split,4,32000000,0.001383,23.131
PCIe-DeviceToHost-UnifiedMemory-Split,4,33000000,0.001434,23.019
PCIe-DeviceToHost-UnifiedMemory-Split,4,34000000,0.001477,23.026
PCIe-DeviceToHost-UnifiedMemory-Split,4,35000000,0.001509,23.188
PCIe-DeviceToHost-UnifiedMemory-Split,4,36000000,0.001539,23.391
PCIe-DeviceToHost-UnifiedMemory-Split,4,37000000,0.001567,23.616
PCIe-DeviceToHost-UnifiedMemory-Split,4,38000000,0.001596,23.803
PCIe-DeviceToHost-UnifiedMemory-Split,4,39000000,0.001637,23.819
PCIe-DeviceToHost-UnifiedMemory-Split,4,40000000,0.001687,23.717
PCIe-DeviceToHost-UnifiedMemory-Split,4,41000000,0.001738,23.594
PCIe-DeviceToHost-UnifiedMemory-Split,4,42000000,0.001788,23.491
PCIe-DeviceToHost-UnifiedMemory-Split,4,43000000,0.001819,23.644
PCIe-DeviceToHost-UnifiedMemory-Split,4,44000000,0.001851,23.766
PCIe-DeviceToHost-UnifiedMemory-Split,4,45000000,0.001886,23.857
PCIe-DeviceToHost-UnifiedMemory-Split,4,46000000,0.001915,24.022
PCIe-DeviceToHost-UnifiedMemory-Split,4,47000000,0.001948,24.132
PCIe-DeviceToHost-UnifiedMemory-Split,4,48000000,0.001999,24.014
PCIe-DeviceToHost-UnifiedMemory-Split,4,49000000,0.002048,23.926
PCIe-DeviceToHost-UnifiedMemory-Split,4,50000000,0.002093,23.889
PCIe-DeviceToHost-UnifiedMemory-Split,4,51000000,0.002132,23.922
PCIe-DeviceToHost-UnifiedMemory-Split,4,52000000,0.002165,24.021
PCIe-DeviceToHost-UnifiedMemory-Split,4,53000000,0.002192,24.175
PCIe-DeviceToHost-UnifiedMemory-Split,4,54000000,0.002224,24.279
PCIe-DeviceToHost-UnifiedMemory-Split,4,55000000,0.002261,24.326
PCIe-DeviceToHost-UnifiedMemory-Split,4,56000000,0.002301,24.338
PCIe-DeviceToHost-UnifiedMemory-Split,4,57000000,0.002351,24.244
PCIe-DeviceToHost-UnifiedMemory-Split,4,58000000,0.002401,24.154
PCIe-DeviceToHost-UnifiedMemory-Split,4,59000000,0.002407,24.508
PCIe-DeviceToHost-UnifiedMemory-Split,4,60000000,0.002423,24.765
PCIe-DeviceToHost-UnifiedMemory-Split,4,61000000,0.002455,24.852
PCIe-DeviceToHost-UnifiedMemory-Split,4,62000000,0.002492,24.875
PCIe-DeviceToHost-UnifiedMemory-Split,4,63000000,0.002570,24.511
PCIe-DeviceToHost-UnifiedMemory-Split,4,64000000,0.002611,24.510
PCIe-DeviceToHost-UnifiedMemory-Split,4,65000000,0.002663,24.405
PCIe-DeviceToHost-UnifiedMemory-Split,4,66000000,0.002707,24.377
PCIe-DeviceToHost-UnifiedMemory-Split,4,67000000,0.002763,24.251
PCIe-DeviceToHost-UnifiedMemory-Split,4,68000000,0.002796,24.325
PCIe-DeviceToHost-UnifiedMemory-Split,4,69000000,0.002827,24.405
PCIe-DeviceToHost-UnifiedMemory-Split,4,70000000,0.002852,24.546
PCIe-DeviceToHost-UnifiedMemory-Split,4,71000000,0.002888,24.587
PCIe-DeviceToHost-UnifiedMemory-Split,4,72000000,0.002919,24.662
PCIe-DeviceToHost-UnifiedMemory-Split,4,73000000,0.002970,24.582
PCIe-DeviceToHost-UnifiedMemory-Split,4,74000000,0.003011,24.580
PCIe-DeviceToHost-UnifiedMemory-Split,4,75000000,0.003069,24.438
PCIe-DeviceToHost-UnifiedMemory-Split,4,76000000,0.003105,24.478
PCIe-DeviceToHost-UnifiedMemory-Split,4,77000000,0.003146,24.478
PCIe-DeviceToHost-UnifiedMemory-Split,4,78000000,0.003174,24.572
PCIe-DeviceToHost-UnifiedMemory-Split,4,79000000,0.003203,24.664
PCIe-DeviceToHost-UnifiedMemory-Split,4,80000000,0.003229,24.778
PCIe-HostToDevice-UnifiedMemory-Split,8,1000000,0.000151,6.643
PCIe-HostToDevice-UnifiedMemory-Split,8,2000000,0.000171,11.695
PCIe-HostToDevice-UnifiedMemory-Split,8,3000000,0.000212,14.153
PCIe-HostToDevice-UnifiedMemory-Split,8,4000000,0.000252,15.879
PCIe-HostToDevice-UnifiedMemory-Split,8,5000000,0.000294,17.013
PCIe-HostToDevice-UnifiedMemory-Split,8,6000000,0.000335,17.919
PCIe-HostToDevice-UnifiedMemory-Split,8,7000000,0.000373,18.780
PCIe-HostToDevice-UnifiedMemory-Split,8,8000000,0.000412,19.434
PCIe-HostToDevice-UnifiedMemory-Split,8,9000000,0.000450,20.021
PCIe-HostToDevice-UnifiedMemory-Split,8,10000000,0.000490,20.388
PCIe-HostToDevice-UnifiedMemory-Split,8,11000000,0.000529,20.778
PCIe-HostToDevice-UnifiedMemory-Split,8,12000000,0.000569,21.077
PCIe-HostToDevice-UnifiedMemory-Split,8,13000000,0.000609,21.337
PCIe-HostToDevice-UnifiedMemory-Split,8,14000000,0.000649,21.564
PCIe-HostToDevice-UnifiedMemory-Split,8,15000000,0.000689,21.766
PCIe-HostToDevice-UnifiedMemory-Split,8,16000000,0.000728,21.976
PCIe-HostToDevice-UnifiedMemory-Split,8,17000000,0.000794,21.421
PCIe-HostToDevice-UnifiedMemory-Split,8,18000000,0.000831,21.648
PCIe-HostToDevice-UnifiedMemory-Split,8,19000000,0.000866,21.932
PCIe-HostToDevice-UnifiedMemory-Split,8,20000000,0.000909,21.995
PCIe-HostToDevice-UnifiedMemory-Split,8,21000000,0.000945,22.219
PCIe-HostToDevice-UnifiedMemory-Split,8,22000000,0.000985,22.333
PCIe-HostToDevice-UnifiedMemory-Split,8,23000000,0.001027,22.394
PCIe-HostToDevice-UnifiedMemory-Split,8,24000000,0.001064,22.558
PCIe-HostToDevice-UnifiedMemory-Split,8,25000000,0.001102,22.690
PCIe-HostToDevice-UnifiedMemory-Split,8,26000000,0.001140,22.813
PCIe-HostToDevice-UnifiedMemory-Split,8,27000000,0.001178,22.928
PCIe-HostToDevice-UnifiedMemory-Split,8,28000000,0.001218,22.997
PCIe-HostToDevice-UnifiedMemory-Split,8,29000000,0.001256,23.081
PCIe-HostToDevice-UnifiedMemory-Split,8,30000000,0.001293,23.196
PCIe-HostToDevice-UnifiedMemory-Split,8,31000000,0.001333,23.251
PCIe-HostToDevice-UnifiedMemory-Split,8,32000000,0.001370,23.356
PCIe-HostToDevice-UnifiedMemory-Split,8,33000000,0.001411,23.386
PCIe-HostToDevice-UnifiedMemory-Split,8,34000000,0.001479,22.994
PCIe-HostToDevice-UnifiedMemory-Split,8,35000000,0.001518,23.063
PCIe-HostToDevice-UnifiedMemory-Split,8,36000000,0.001559,23.099
PCIe-HostToDevice-UnifiedMemory-Split,8,37000000,0.001595,23.192
PCIe-HostToDevice-UnifiedMemory-Split,8,38000000,0.001636,23.222
PCIe-HostToDevice-UnifiedMemory-Split,8,39000000,0.001673,23.308
PCIe-HostToDevice-UnifiedMemory-Split,8,40000000,0.001714,23.335
PCIe-HostToDevice-UnifiedMemory-Split,8,41000000,0.001749,23.442
PCIe-HostToDevice-UnifiedMemory-Split,8,42000000,0.001789,23.478
PCIe-HostToDevice-UnifiedMemory-Split,8,43000000,0.001829,23.512
PCIe-HostToDevice-UnifiedMemory-Split,8,44000000,0.001867,23.570
PCIe-HostToDevice-UnifiedMemory-Split,8,45000000,0.001910,23.563
PCIe-HostToDevice-UnifiedMemory-Split,8,46000000,0.001946,23.643
PCIe-HostToDevice-UnifiedMemory-Split,8,47000000,0.001985,23.683
PCIe-HostToDevice-UnifiedMemory-Split,8,48000000,0.002024,23.710
PCIe-HostToDevice-UnifiedMemory-Split,8,49000000,0.002065,23.724
PCIe-HostToDevice-UnifiedMemory-Split,8,50000000,0.002099,23.819
PCIe-HostToDevice-UnifiedMemory-Split,8,51000000,0.002166,23.548
PCIe-HostToDevice-UnifiedMemory-Split,8,52000000,0.002195,23.685
PCIe-HostToDevice-UnifiedMemory-Split,8,53000000,0.002238,23.677
PCIe-HostToDevice-UnifiedMemory-Split,8,54000000,0.002285,23.637
PCIe-HostToDevice-UnifiedMemory-Split,8,55000000,0.002317,23.734
PCIe-HostToDevice-UnifiedMemory-Split,8,56000000,0.002356,23.767
PCIe-HostToDevice-UnifiedMemory-Split,8,57000000,0.002395,23.798
PCIe-HostToDevice-UnifiedMemory-Split,8,58000000,0.002436,23.809
PCIe-HostToDevice-UnifiedMemory-Split,8,59000000,0.002471,23.878
PCIe-HostToDevice-UnifiedMemory-Split,8,60000000,0.002513,23.877
PCIe-HostToDevice-UnifiedMemory-Split,8,61000000,0.002548,23.943
PCIe-HostToDevice-UnifiedMemory-Split,8,62000000,0.002590,23.941
PCIe-HostToDevice-UnifiedMemory-Split,8,63000000,0.002625,24.004
PCIe-HostToDevice-UnifiedMemory-Split,8,64000000,0.002663,24.029
PCIe-HostToDevice-UnifiedMemory-Split,8,65000000,0.002700,24.072
PCIe-HostToDevice-UnifiedMemory-Split,8,66000000,0.002740,24.086
PCIe-HostToDevice-UnifiedMemory-Split,8,67000000,0.002781,24.090
PCIe-HostToDevice-UnifiedMemory-Split,8,68000000,0.002857,23.802
PCIe-HostToDevice-UnifiedMemory-Split,8,69000000,0.002895,23.835
PCIe-HostToDevice-UnifiedMemory-Split,8,70000000,0.002933,23.868
PCIe-HostToDevice-UnifiedMemory-Split,8,71000000,0.002970,23.909
PCIe-HostToDevice-UnifiedMemory-Split,8,72000000,0.003004,23.965
PCIe-HostToDevice-UnifiedMemory-Split,8,73000000,0.003040,24.011
PCIe-HostToDevice-UnifiedMemory-Split,8,74000000,0.003082,24.009
PCIe-HostToDevice-UnifiedMemory-Split,8,75000000,0.003119,24.045
PCIe-HostToDevice-UnifiedMemory-Split,8,76000000,0.003157,24.074
PCIe-HostToDevice-UnifiedMemory-Split,8,77000000,0.003199,24.070
PCIe-HostToDevice-UnifiedMemory-Split,8,78000000,0.003238,24.090
PCIe-HostToDevice-UnifiedMemory-Split,8,79000000,0.003279,24.094
PCIe-HostToDevice-UnifiedMemory-Split,8,80000000,0.003312,24.157
PCIe-DeviceToHost-UnifiedMemory-Split,8,1000000,0.000246,4.069
PCIe-DeviceToHost-UnifiedMemory-Split,8,2000000,0.000304,6.576
PCIe-DeviceToHost-UnifiedMemory-Split,8,3000000,0.000351,8.541
PCIe-DeviceToHost-UnifiedMemory-Split,8,4000000,0.000409,9.790
PCIe-DeviceToHost-UnifiedMemory-Split,8,5000000,0.000460,10.875
PCIe-DeviceToHost-UnifiedMemory-Split,8,6000000,0.000476,12.601
PCIe-DeviceToHost-UnifiedMemory-Split,8,7000000,0.000452,15.501
PCIe-DeviceToHost-UnifiedMemory-Split,8,8000000,0.000600,13.332
PCIe-DeviceToHost-UnifiedMemory-Split,8,9000000,0.000526,17.099
PCIe-DeviceToHost-UnifiedMemory-Split,8,10000000,0.000583,17.163
PCIe-DeviceToHost-UnifiedMemory-Split,8,11000000,0.000738,14.899
PCIe-DeviceToHost-UnifiedMemory-Split,8,12000000,0.000798,15.043
PCIe-DeviceToHost-UnifiedMemory-Split,8,13000000,0.000859,15.131
PCIe-DeviceToHost-UnifiedMemory-Split,8,14000000,0.000920,15.225
PCIe-DeviceToHost-UnifiedMemory-Split,8,15000000,0.000980,15.307
PCIe-DeviceToHost-UnifiedMemory-Split,8,16000000,0.001043,15.334
PCIe-DeviceToHost-UnifiedMemory-Split,8,17000000,0.001101,15.443
PCIe-DeviceToHost-UnifiedMemory-Split,8,18000000,0.001119,16.082
PCIe-DeviceToHost-UnifiedMemory-Split,8,19000000,0.001150,16.522
PCIe-DeviceToHost-UnifiedMemory-Split,8,20000000,0.001170,17.088
PCIe-DeviceToHost-UnifiedMemory-Split,8,21000000,0.001213,17.306
PCIe-DeviceToHost-UnifiedMemory-Split,8,22000000,0.001227,17.934
PCIe-DeviceToHost-UnifiedMemory-Split,8,23000000,0.001276,18.026
PCIe-DeviceToHost-UnifiedMemory-Split,8,24000000,0.001283,18.705
PCIe-DeviceToHost-UnifiedMemory-Split,8,25000000,0.001304,19.178
PCIe-DeviceToHost-UnifiedMemory-Split,8,26000000,0.001346,19.323
PCIe-DeviceToHost-UnifiedMemory-Split,8,27000000,0.001386,19.474
PCIe-DeviceToHost-UnifiedMemory-Split,8,28000000,0.001419,19.729
PCIe-DeviceToHost-UnifiedMemory-Split,8,29000000,0.001496,19.384
PCIe-DeviceToHost-UnifiedMemory-Split,8,30000000,0.001533,19.570
PCIe-DeviceToHost-UnifiedMemory-Split,8,31000000,0.001586,19.544
PCIe-DeviceToHost-UnifiedMemory-Split,8,32000000,0.001650,19.398
PCIe-DeviceToHost-UnifiedMemory-Split,8,33000000,0.001710,19.297
PCIe-DeviceToHost-UnifiedMemory-Split,8,34000000,0.001747,19.463
PCIe-DeviceToHost-UnifiedMemory-Split,8,35000000,0.001772,19.757
PCIe-DeviceToHost-UnifiedMemory-Split,8,36000000,0.001796,20.043
PCIe-DeviceToHost-UnifiedMemory-Split,8,37000000,0.001835,20.163
PCIe-DeviceToHost-UnifiedMemory-Split,8,38000000,0.001857,20.468
PCIe-DeviceToHost-UnifiedMemory-Split,8,39000000,0.001904,20.487
PCIe-DeviceToHost-UnifiedMemory-Split,8,40000000,0.001924,20.789
PCIe-DeviceToHost-UnifiedMemory-Split,8,41000000,0.001957,20.952
PCIe-DeviceToHost-UnifiedMemory-Split,8,42000000,0.001989,21.120
PCIe-DeviceToHost-UnifiedMemory-Split,8,43000000,0.002021,21.273
PCIe-DeviceToHost-UnifiedMemory-Split,8,44000000,0.002055,21.409
PCIe-DeviceToHost-UnifiedMemory-Split,8,45000000,0.002113,21.302
PCIe-DeviceToHost-UnifiedMemory-Split,8,46000000,0.002183,21.070
PCIe-DeviceToHost-UnifiedMemory-Split,8,47000000,0.002216,21.210
PCIe-DeviceToHost-UnifiedMemory-Split,8,48000000,0.002278,21.067
PCIe-DeviceToHost-UnifiedMemory-Split,8,49000000,0.002327,21.061
PCIe-DeviceToHost-UnifiedMemory-Split,8,50000000,0.002393,20.894
PCIe-DeviceToHost-UnifiedMemory-Split,8,51000000,0.002418,21.095
PCIe-DeviceToHost-UnifiedMemory-Split,8,52000000,0.002443,21.283
PCIe-DeviceToHost-UnifiedMemory-Split,8,53000000,0.002481,21.361
PCIe-DeviceToHost-UnifiedMemory-Split,8,54000000,0.002488,21.701
PCIe-DeviceToHost-UnifiedMemory-Split,8,55000000,0.002526,21.772
PCIe-DeviceToHost-UnifiedMemory-Split,8,56000000,0.002566,21.823
PCIe-DeviceToHost-UnifiedMemory-Split,8,57000000,0.002589,22.019
PCIe-DeviceToHost-UnifiedMemory-Split,8,58000000,0.002608,22.238
PCIe-DeviceToHost-UnifiedMemory-Split,8,59000000,0.002619,22.524
PCIe-DeviceToHost-UnifiedMemory-Split,8,60000000,0.002662,22.536
PCIe-DeviceToHost-UnifiedMemory-Split,8,61000000,0.002705,22.547
PCIe-DeviceToHost-UnifiedMemory-Split,8,62000000,0.002764,22.433
PCIe-DeviceToHost-UnifiedMemory-Split,8,63000000,0.002819,22.348
PCIe-DeviceToHost-UnifiedMemory-Split,8,64000000,0.002887,22.171
PCIe-DeviceToHost-UnifiedMemory-Split,8,65000000,0.002938,22.125
PCIe-DeviceToHost-UnifiedMemory-Split,8,66000000,0.002995,22.035
PCIe-DeviceToHost-UnifiedMemory-Split,8,67000000,0.003023,22.165
PCIe-DeviceToHost-UnifiedMemory-Split,8,68000000,0.003076,22.106
PCIe-DeviceToHost-UnifiedMemory-Split,8,69000000,0.003109,22.195
PCIe-DeviceToHost-UnifiedMemory-Split,8,70000000,0.003138,22.311
PCIe-DeviceToHost-UnifiedMemory-Split,8,71000000,0.003162,22.453
PCIe-DeviceToHost-UnifiedMemory-Split,8,72000000,0.003187,22.594
PCIe-DeviceToHost-UnifiedMemory-Split,8,73000000,0.003211,22.732
PCIe-DeviceToHost-UnifiedMemory-Split,8,74000000,0.003240,22.840
PCIe-DeviceToHost-UnifiedMemory-Split,8,75000000,0.003275,22.902
PCIe-DeviceToHost-UnifiedMemory-Split,8,76000000,0.003292,23.085
PCIe-DeviceToHost-UnifiedMemory-Split,8,77000000,0.003324,23.166
PCIe-DeviceToHost-UnifiedMemory-Split,8,78000000,0.003380,23.075
PCIe-DeviceToHost-UnifiedMemory-Split,8,79000000,0.003443,22.947
PCIe-DeviceToHost-UnifiedMemory-Split,8,80000000,0.003486,22.951
